src,dst,timestamp,type
140962831.0,nan,2021-03-04 23:59:04,retweet
140962831.0,nan,2021-03-04 23:59:04,reply
1.3096952250618348e+18,nan,2021-03-04 23:58:46,retweet
1.3096952250618348e+18,nan,2021-03-04 23:58:46,reply
1.1513255790456791e+18,nan,2021-03-04 23:58:17,retweet
1.1513255790456791e+18,nan,2021-03-04 23:58:17,reply
161870246.0,nan,2021-03-04 23:58:07,retweet
161870246.0,nan,2021-03-04 23:58:07,reply
1.3060899709276283e+18,nan,2021-03-04 23:57:55,retweet
1.3060899709276283e+18,nan,2021-03-04 23:57:55,reply
364683554.0,nan,2021-03-04 23:57:52,retweet
364683554.0,nan,2021-03-04 23:57:52,reply
83764064.0,nan,2021-03-04 23:47:32,retweet
83764064.0,nan,2021-03-04 23:47:32,reply
83764064.0,nan,2021-03-04 23:57:49,retweet
83764064.0,nan,2021-03-04 23:57:49,reply
1656401389.0,nan,2021-03-04 23:57:26,retweet
1656401389.0,nan,2021-03-04 23:57:26,reply
1.3060899709276283e+18,nan,2021-03-04 23:57:25,retweet
1.3060899709276283e+18,nan,2021-03-04 23:57:25,reply
1.3060899709276283e+18,nan,2021-03-04 23:56:50,retweet
1.3060899709276283e+18,nan,2021-03-04 23:56:50,reply
1.2479100566345236e+18,nan,2021-03-04 23:55:51,retweet
1.2479100566345236e+18,nan,2021-03-04 23:55:51,reply
7.064898537483551e+17,136802851,2021-03-04 23:55:46,mention
7.064898537483551e+17,nan,2021-03-04 23:55:46,retweet
7.064898537483551e+17,1.367624225754919e+18,2021-03-04 23:55:46,reply
1520587034.0,nan,2021-03-04 23:55:45,retweet
1520587034.0,nan,2021-03-04 23:55:45,reply
1.3096952250618348e+18,nan,2021-03-04 23:55:43,retweet
1.3096952250618348e+18,nan,2021-03-04 23:55:43,reply
8.273196950827131e+17,nan,2021-03-04 23:55:41,retweet
8.273196950827131e+17,nan,2021-03-04 23:55:41,reply
9.679612794649846e+17,nan,2021-03-04 23:55:33,retweet
9.679612794649846e+17,nan,2021-03-04 23:55:33,reply
7.064898537483551e+17,nan,2021-03-04 23:55:07,retweet
7.064898537483551e+17,1.3676177131374756e+18,2021-03-04 23:55:07,reply
597883246.0,nan,2021-03-04 23:54:56,retweet
597883246.0,nan,2021-03-04 23:54:56,reply
2693276829.0,nan,2021-03-04 23:54:30,retweet
2693276829.0,nan,2021-03-04 23:54:30,reply
1.359031413614469e+18,nan,2021-03-04 23:54:03,retweet
1.359031413614469e+18,nan,2021-03-04 23:54:03,reply
55436971.0,nan,2021-03-04 23:53:44,retweet
55436971.0,nan,2021-03-04 23:53:44,reply
1.3672329972887224e+18,nan,2021-03-04 23:52:41,retweet
1.3672329972887224e+18,nan,2021-03-04 23:52:41,reply
1.3672329972887224e+18,nan,2021-03-04 23:52:41,retweet
1.3672329972887224e+18,nan,2021-03-04 23:52:41,reply
923262246.0,nan,2021-03-04 23:52:32,retweet
923262246.0,nan,2021-03-04 23:52:32,reply
9.672351634732278e+17,nan,2021-03-04 23:52:17,retweet
9.672351634732278e+17,nan,2021-03-04 23:52:17,reply
1.347637771607937e+18,nan,2021-03-04 23:51:56,retweet
1.347637771607937e+18,nan,2021-03-04 23:51:56,reply
2873635127.0,nan,2021-03-04 23:51:50,retweet
2873635127.0,nan,2021-03-04 23:51:50,reply
84319494.0,nan,2021-03-04 23:51:05,retweet
84319494.0,nan,2021-03-04 23:51:05,reply
1.0440463299687752e+18,nan,2021-03-04 23:51:00,retweet
1.0440463299687752e+18,nan,2021-03-04 23:51:00,reply
1.3605774653626245e+18,nan,2021-03-04 23:50:44,retweet
1.3605774653626245e+18,nan,2021-03-04 23:50:44,reply
1.1244166971617239e+18,nan,2021-03-04 23:50:24,retweet
1.1244166971617239e+18,nan,2021-03-04 23:50:24,reply
55389402.0,nan,2021-03-04 23:50:16,retweet
55389402.0,nan,2021-03-04 23:50:16,reply
1.0585216259587727e+18,nan,2021-03-04 23:49:57,retweet
1.0585216259587727e+18,nan,2021-03-04 23:49:57,reply
282655123.0,nan,2021-03-04 23:49:51,retweet
282655123.0,nan,2021-03-04 23:49:51,reply
nan,nan,2021-03-04 23:49:50,retweet
nan,nan,2021-03-04 23:49:50,reply
1.3589223984651633e+18,nan,2021-03-04 23:49:49,retweet
1.3589223984651633e+18,nan,2021-03-04 23:49:49,reply
1.3623610150070845e+18,nan,2021-03-04 23:49:46,retweet
1.3623610150070845e+18,nan,2021-03-04 23:49:46,reply
9.679612794649846e+17,nan,2021-03-04 23:49:43,retweet
9.679612794649846e+17,nan,2021-03-04 23:49:43,reply
309251100.0,nan,2021-03-04 23:49:39,retweet
309251100.0,nan,2021-03-04 23:49:39,reply
3073189731.0,nan,2021-03-04 23:49:21,retweet
3073189731.0,nan,2021-03-04 23:49:21,reply
3073189731.0,14994303,2021-03-04 23:49:21,mention
3073189731.0,nan,2021-03-04 23:49:21,retweet
3073189731.0,nan,2021-03-04 23:49:21,reply
2453561882.0,nan,2021-03-04 23:48:56,retweet
2453561882.0,nan,2021-03-04 23:48:56,reply
127892875.0,nan,2021-03-04 23:48:44,retweet
127892875.0,nan,2021-03-04 23:48:44,reply
3536042237.0,nan,2021-03-04 23:48:26,retweet
3536042237.0,nan,2021-03-04 23:48:26,reply
7.064898537483551e+17,1307204548268822528,2021-03-04 23:47:53,mention
7.064898537483551e+17,nan,2021-03-04 23:47:53,retweet
7.064898537483551e+17,1.3675906297194373e+18,2021-03-04 23:47:53,reply
58900872.0,nan,2021-03-04 23:47:47,retweet
58900872.0,nan,2021-03-04 23:47:47,reply
7.064898537483551e+17,2890762929,2021-03-04 23:47:36,mention
7.064898537483551e+17,nan,2021-03-04 23:47:36,retweet
7.064898537483551e+17,1.3676224953024758e+18,2021-03-04 23:47:36,reply
1.2850048245437358e+18,nan,2021-03-04 23:47:29,retweet
1.2850048245437358e+18,nan,2021-03-04 23:47:29,reply
1.3317631740775916e+18,14994303,2021-03-04 23:47:06,mention
1.3317631740775916e+18,nan,2021-03-04 23:47:06,retweet
1.3317631740775916e+18,nan,2021-03-04 23:47:06,reply
409989376.0,nan,2021-03-04 23:47:05,retweet
409989376.0,nan,2021-03-04 23:47:05,reply
7.064898537483551e+17,nan,2021-03-04 23:47:00,retweet
7.064898537483551e+17,1.3676224219273134e+18,2021-03-04 23:47:00,reply
7.064898537483551e+17,1492483633256583173,2021-03-04 23:46:42,mention
7.064898537483551e+17,nan,2021-03-04 23:46:42,retweet
7.064898537483551e+17,nan,2021-03-04 23:46:42,reply
132699857.0,nan,2021-03-04 22:49:35,retweet
132699857.0,nan,2021-03-04 22:49:35,reply
132699857.0,nan,2021-03-04 23:46:35,retweet
132699857.0,nan,2021-03-04 23:46:35,reply
1.3542691606588416e+18,nan,2021-03-04 23:44:34,retweet
1.3542691606588416e+18,nan,2021-03-04 23:44:34,reply
1.346169678704554e+18,179185127,2021-03-04 23:43:59,mention
1.346169678704554e+18,nan,2021-03-04 23:43:59,retweet
1.346169678704554e+18,nan,2021-03-04 23:43:59,reply
1.1795807358769357e+18,nan,2021-03-04 23:43:12,retweet
1.1795807358769357e+18,nan,2021-03-04 23:43:12,reply
8.336825160285594e+17,14994303,2021-03-04 23:43:00,mention
8.336825160285594e+17,nan,2021-03-04 23:43:00,retweet
8.336825160285594e+17,nan,2021-03-04 23:43:00,reply
7.064898537483551e+17,nan,2021-03-04 23:42:57,retweet
7.064898537483551e+17,1.3676175535735685e+18,2021-03-04 23:42:57,reply
8.648953443914097e+17,nan,2021-03-04 23:42:52,retweet
8.648953443914097e+17,nan,2021-03-04 23:42:52,reply
1.0882926376423178e+18,nan,2021-03-04 23:42:41,retweet
1.0882926376423178e+18,nan,2021-03-04 23:42:41,reply
7.064898537483551e+17,789995979567169536,2021-03-04 23:42:32,mention
7.064898537483551e+17,nan,2021-03-04 23:42:32,retweet
7.064898537483551e+17,1.3676173694478172e+18,2021-03-04 23:42:32,reply
213368679.0,nan,2021-03-04 23:42:21,retweet
213368679.0,nan,2021-03-04 23:42:21,reply
2872972583.0,nan,2021-03-04 23:42:06,retweet
2872972583.0,nan,2021-03-04 23:42:06,reply
1.361459461064446e+18,nan,2021-03-04 23:41:58,retweet
1.361459461064446e+18,nan,2021-03-04 23:41:58,reply
7.064898537483551e+17,789995979567169536,2021-03-04 23:41:02,mention
7.064898537483551e+17,nan,2021-03-04 23:41:02,retweet
7.064898537483551e+17,1.3676163756032164e+18,2021-03-04 23:41:02,reply
1.30377293286758e+18,nan,2021-03-04 23:41:00,retweet
1.30377293286758e+18,nan,2021-03-04 23:41:00,reply
34021358.0,nan,2021-03-04 23:40:24,retweet
34021358.0,nan,2021-03-04 23:40:24,reply
1.2610558196443914e+18,nan,2021-03-04 23:39:51,retweet
1.2610558196443914e+18,nan,2021-03-04 23:39:51,reply
1.2081584628798956e+18,nan,2021-03-04 23:39:03,retweet
1.2081584628798956e+18,nan,2021-03-04 23:39:03,reply
7.064898537483551e+17,nan,2021-03-04 23:38:42,retweet
7.064898537483551e+17,nan,2021-03-04 23:38:42,reply
1.2055213468280873e+18,nan,2021-03-04 23:38:41,retweet
1.2055213468280873e+18,nan,2021-03-04 23:38:41,reply
1.320699313333379e+18,nan,2021-03-04 23:38:37,retweet
1.320699313333379e+18,nan,2021-03-04 23:38:37,reply
735961836.0,nan,2021-03-04 23:38:28,retweet
735961836.0,nan,2021-03-04 23:38:28,reply
7.064898537483551e+17,2310860312,2021-03-04 23:38:06,mention
7.064898537483551e+17,nan,2021-03-04 23:38:06,retweet
7.064898537483551e+17,1.3676066718712545e+18,2021-03-04 23:38:06,reply
2783065662.0,nan,2021-03-04 23:38:05,retweet
2783065662.0,nan,2021-03-04 23:38:05,reply
3296043588.0,nan,2021-03-04 23:38:03,retweet
3296043588.0,nan,2021-03-04 23:38:03,reply
2210025254.0,nan,2021-03-04 23:38:02,retweet
2210025254.0,nan,2021-03-04 23:38:02,reply
7.064898537483551e+17,70240510,2021-03-04 23:37:57,mention
7.064898537483551e+17,nan,2021-03-04 23:37:57,retweet
7.064898537483551e+17,1.3675992822415524e+18,2021-03-04 23:37:57,reply
288968049.0,nan,2021-03-04 23:37:17,retweet
288968049.0,nan,2021-03-04 23:37:17,reply
132699857.0,nan,2021-03-04 22:49:35,retweet
132699857.0,nan,2021-03-04 22:49:35,reply
132699857.0,nan,2021-03-04 23:36:14,retweet
132699857.0,nan,2021-03-04 23:36:14,reply
275674562.0,1564816840098021377,2021-03-04 23:36:09,mention
275674562.0,nan,2021-03-04 23:36:09,retweet
275674562.0,nan,2021-03-04 23:36:09,reply
1.331935898997502e+18,nan,2021-03-04 23:36:04,retweet
1.331935898997502e+18,nan,2021-03-04 23:36:04,reply
296951646.0,nan,2021-03-04 23:35:33,retweet
296951646.0,nan,2021-03-04 23:35:33,reply
1.2677049811735265e+18,nan,2021-03-04 23:34:51,retweet
1.2677049811735265e+18,nan,2021-03-04 23:34:51,reply
2528145841.0,nan,2021-03-04 23:33:54,retweet
2528145841.0,nan,2021-03-04 23:33:54,reply
21416788.0,nan,2021-03-04 23:33:49,retweet
21416788.0,nan,2021-03-04 23:33:49,reply
4452543327.0,nan,2021-03-04 23:33:39,retweet
4452543327.0,nan,2021-03-04 23:33:39,reply
2411603274.0,nan,2021-03-04 23:33:04,retweet
2411603274.0,nan,2021-03-04 23:33:04,reply
19450493.0,14994303,2021-03-04 23:33:03,mention
19450493.0,nan,2021-03-04 23:33:03,retweet
19450493.0,nan,2021-03-04 23:33:03,reply
1.3578985791935652e+18,nan,2021-03-04 23:32:30,retweet
1.3578985791935652e+18,nan,2021-03-04 23:32:30,reply
1.323836697059205e+18,nan,2021-03-04 23:32:29,retweet
1.323836697059205e+18,nan,2021-03-04 23:32:29,reply
1.221219315686482e+18,nan,2021-03-04 23:31:42,retweet
1.221219315686482e+18,nan,2021-03-04 23:31:42,reply
1.0552228649604792e+18,nan,2021-03-04 23:31:39,retweet
1.0552228649604792e+18,nan,2021-03-04 23:31:39,reply
1.1915251826425733e+18,511577335,2021-03-04 23:31:37,mention
1.1915251826425733e+18,nan,2021-03-04 23:31:37,retweet
1.1915251826425733e+18,1.3676181109797724e+18,2021-03-04 23:31:37,reply
3073189731.0,nan,2021-03-04 23:31:34,retweet
3073189731.0,nan,2021-03-04 23:31:34,reply
3073189731.0,nan,2021-03-04 23:31:34,retweet
3073189731.0,nan,2021-03-04 23:31:34,reply
3210031305.0,nan,2021-03-04 23:30:40,retweet
3210031305.0,nan,2021-03-04 23:30:40,reply
2411603274.0,nan,2021-03-04 23:30:21,retweet
2411603274.0,nan,2021-03-04 23:30:21,reply
1.3538807400024637e+18,nan,2021-03-04 23:30:13,retweet
1.3538807400024637e+18,nan,2021-03-04 23:30:13,reply
2333925124.0,nan,2021-03-04 23:30:00,retweet
2333925124.0,nan,2021-03-04 23:30:00,reply
9.304971953123287e+17,nan,2021-03-04 23:29:49,retweet
9.304971953123287e+17,nan,2021-03-04 23:29:49,reply
1665054368.0,nan,2021-03-04 23:29:41,retweet
1665054368.0,nan,2021-03-04 23:29:41,reply
52923863.0,nan,2021-03-04 23:29:35,retweet
52923863.0,nan,2021-03-04 23:29:35,reply
7.822770697199616e+17,nan,2021-03-04 23:29:03,retweet
7.822770697199616e+17,nan,2021-03-04 23:29:03,reply
3303234795.0,nan,2021-03-04 23:28:50,retweet
3303234795.0,nan,2021-03-04 23:28:50,reply
9.679280502550036e+17,nan,2021-03-04 23:28:36,retweet
9.679280502550036e+17,nan,2021-03-04 23:28:36,reply
7.988948683282268e+17,nan,2021-03-04 23:28:23,retweet
7.988948683282268e+17,nan,2021-03-04 23:28:23,reply
359786977.0,14994303,2021-03-04 23:27:58,mention
359786977.0,nan,2021-03-04 23:27:58,retweet
359786977.0,nan,2021-03-04 23:27:58,reply
68470773.0,nan,2021-03-04 22:49:12,retweet
68470773.0,nan,2021-03-04 22:49:12,reply
68470773.0,nan,2021-03-04 23:27:45,retweet
68470773.0,nan,2021-03-04 23:27:45,reply
9.70094754280235e+17,nan,2021-03-04 23:27:22,retweet
9.70094754280235e+17,nan,2021-03-04 23:27:22,reply
1.2482352748339896e+18,nan,2021-03-04 23:27:14,retweet
1.2482352748339896e+18,nan,2021-03-04 23:27:14,reply
1.3095003140437238e+18,nan,2021-03-04 23:04:46,retweet
1.3095003140437238e+18,nan,2021-03-04 23:04:46,reply
1.3095003140437238e+18,14994303,2021-03-04 23:26:55,mention
1.3095003140437238e+18,nan,2021-03-04 23:26:55,retweet
1.3095003140437238e+18,nan,2021-03-04 23:26:55,reply
7.739085578886881e+17,nan,2021-03-04 23:26:47,retweet
7.739085578886881e+17,nan,2021-03-04 23:26:47,reply
1.3567533168695173e+18,nan,2021-03-04 23:26:38,retweet
1.3567533168695173e+18,nan,2021-03-04 23:26:38,reply
1.358187471171969e+18,nan,2021-03-04 23:25:56,retweet
1.358187471171969e+18,nan,2021-03-04 23:25:56,reply
199152464.0,nan,2021-03-04 23:25:48,retweet
199152464.0,nan,2021-03-04 23:25:48,reply
8.355417343272714e+17,nan,2021-03-04 23:24:54,retweet
8.355417343272714e+17,nan,2021-03-04 23:24:54,reply
nan,nan,2021-03-04 23:24:30,retweet
nan,nan,2021-03-04 23:24:30,reply
8.336825160285594e+17,nan,2021-03-04 23:24:20,retweet
8.336825160285594e+17,nan,2021-03-04 23:24:20,reply
1.3454474170434437e+18,nan,2021-03-04 23:24:07,retweet
1.3454474170434437e+18,nan,2021-03-04 23:24:07,reply
1.3111241900581192e+18,nan,2021-03-04 23:23:08,retweet
1.3111241900581192e+18,nan,2021-03-04 23:23:08,reply
179185127.0,nan,2021-03-04 23:22:55,retweet
179185127.0,nan,2021-03-04 23:22:55,reply
179185127.0,nan,2021-03-04 23:22:55,retweet
179185127.0,nan,2021-03-04 23:22:55,reply
2355322466.0,nan,2021-03-04 23:22:40,retweet
2355322466.0,nan,2021-03-04 23:22:40,reply
3122198985.0,nan,2021-03-04 23:22:37,retweet
3122198985.0,nan,2021-03-04 23:22:37,reply
1.3553130699965194e+18,nan,2021-03-04 23:22:16,retweet
1.3553130699965194e+18,nan,2021-03-04 23:22:16,reply
8.070120117375468e+17,nan,2021-03-04 23:22:04,retweet
8.070120117375468e+17,nan,2021-03-04 23:22:04,reply
405784678.0,nan,2021-03-04 23:21:57,retweet
405784678.0,nan,2021-03-04 23:21:57,reply
7.822770697199616e+17,nan,2021-03-04 23:21:46,retweet
7.822770697199616e+17,nan,2021-03-04 23:21:46,reply
1.3026602892514755e+18,nan,2021-03-04 23:21:39,retweet
1.3026602892514755e+18,nan,2021-03-04 23:21:39,reply
7.007487710643487e+17,nan,2021-03-04 23:21:28,retweet
7.007487710643487e+17,nan,2021-03-04 23:21:28,reply
1.332164554298708e+18,14994303,2021-03-04 23:20:37,mention
1.332164554298708e+18,nan,2021-03-04 23:20:37,retweet
1.332164554298708e+18,nan,2021-03-04 23:20:37,reply
22927315.0,nan,2021-03-04 23:20:32,retweet
22927315.0,nan,2021-03-04 23:20:32,reply
9.3838221862332e+17,nan,2021-03-04 23:20:19,retweet
9.3838221862332e+17,nan,2021-03-04 23:20:19,reply
7.812669812112425e+17,nan,2021-03-04 23:20:00,retweet
7.812669812112425e+17,nan,2021-03-04 23:20:00,reply
8.76849662791168e+17,nan,2021-03-04 22:47:33,retweet
8.76849662791168e+17,nan,2021-03-04 22:47:33,reply
8.76849662791168e+17,nan,2021-03-04 23:19:54,retweet
8.76849662791168e+17,nan,2021-03-04 23:19:54,reply
1.1288274435555205e+18,nan,2021-03-04 23:18:49,retweet
1.1288274435555205e+18,nan,2021-03-04 23:18:49,reply
8.69278850320126e+17,nan,2021-03-04 23:18:10,retweet
8.69278850320126e+17,nan,2021-03-04 23:18:10,reply
2355322466.0,nan,2021-03-04 23:17:52,retweet
2355322466.0,nan,2021-03-04 23:17:52,reply
2736835229.0,nan,2021-03-04 23:17:06,retweet
2736835229.0,nan,2021-03-04 23:17:06,reply
1.0864378966667346e+18,nan,2021-03-04 23:16:59,retweet
1.0864378966667346e+18,nan,2021-03-04 23:16:59,reply
67656004.0,nan,2021-03-04 23:16:34,retweet
67656004.0,nan,2021-03-04 23:16:34,reply
67656004.0,nan,2021-03-04 23:16:34,retweet
67656004.0,nan,2021-03-04 23:16:34,reply
1.3466541353540608e+18,nan,2021-03-04 23:16:33,retweet
1.3466541353540608e+18,nan,2021-03-04 23:16:33,reply
2418417588.0,nan,2021-03-04 23:16:06,retweet
2418417588.0,nan,2021-03-04 23:16:06,reply
32411118.0,14994303,2021-03-04 23:16:04,mention
32411118.0,nan,2021-03-04 23:16:04,retweet
32411118.0,nan,2021-03-04 23:16:04,reply
34380584.0,nan,2021-03-04 23:15:43,retweet
34380584.0,nan,2021-03-04 23:15:43,reply
7.822770697199616e+17,nan,2021-03-04 23:15:31,retweet
7.822770697199616e+17,nan,2021-03-04 23:15:31,reply
nan,14994303,2021-03-04 23:15:16,mention
nan,nan,2021-03-04 23:15:16,retweet
nan,nan,2021-03-04 23:15:16,reply
1.305290351456981e+18,nan,2021-03-04 22:11:33,retweet
1.305290351456981e+18,nan,2021-03-04 22:11:33,reply
1.305290351456981e+18,nan,2021-03-04 23:15:10,retweet
1.305290351456981e+18,nan,2021-03-04 23:15:10,reply
9.475634026747576e+17,nan,2021-03-04 23:15:10,retweet
9.475634026747576e+17,nan,2021-03-04 23:15:10,reply
1.1018298376254423e+18,nan,2021-03-04 23:14:23,retweet
1.1018298376254423e+18,nan,2021-03-04 23:14:23,reply
8.497268320270705e+17,nan,2021-03-04 23:13:12,retweet
8.497268320270705e+17,nan,2021-03-04 23:13:12,reply
1.1734304831847547e+18,nan,2021-03-04 23:12:43,retweet
1.1734304831847547e+18,nan,2021-03-04 23:12:43,reply
7.435804428724511e+17,nan,2021-03-04 23:12:32,retweet
7.435804428724511e+17,nan,2021-03-04 23:12:32,reply
1.3589371022227784e+18,nan,2021-03-04 23:11:51,retweet
1.3589371022227784e+18,1.367612159497302e+18,2021-03-04 23:11:51,reply
2806935616.0,nan,2021-03-04 23:10:31,retweet
2806935616.0,nan,2021-03-04 23:10:31,reply
9.491147105568563e+17,nan,2021-03-04 23:10:20,retweet
9.491147105568563e+17,nan,2021-03-04 23:10:20,reply
1.221919503010992e+18,nan,2021-03-04 23:09:56,retweet
1.221919503010992e+18,nan,2021-03-04 23:09:56,reply
8.925907419895972e+17,2474353003,2021-03-04 23:09:23,mention
8.925907419895972e+17,nan,2021-03-04 23:09:23,retweet
8.925907419895972e+17,1.3676130884349501e+18,2021-03-04 23:09:23,reply
1.3402745204484956e+18,1492483633256583173,2021-03-04 23:09:12,mention
1.3402745204484956e+18,nan,2021-03-04 23:09:12,retweet
1.3402745204484956e+18,nan,2021-03-04 23:09:12,reply
197905526.0,nan,2021-03-04 23:09:09,retweet
197905526.0,nan,2021-03-04 23:09:09,reply
1.363250663015211e+18,nan,2021-03-04 23:08:51,retweet
1.363250663015211e+18,nan,2021-03-04 23:08:51,reply
8.925907419895972e+17,nan,2021-03-04 23:08:50,retweet
8.925907419895972e+17,nan,2021-03-04 23:08:50,reply
189370188.0,nan,2021-03-04 23:08:35,retweet
189370188.0,nan,2021-03-04 23:08:35,reply
7.435804428724511e+17,nan,2021-03-04 23:08:28,retweet
7.435804428724511e+17,nan,2021-03-04 23:08:28,reply
1.3525322404593009e+18,nan,2021-03-04 23:08:27,retweet
1.3525322404593009e+18,nan,2021-03-04 23:08:27,reply
1.1984581223875133e+18,nan,2021-03-04 23:07:43,retweet
1.1984581223875133e+18,nan,2021-03-04 23:07:43,reply
3073189731.0,nan,2021-03-04 23:07:42,retweet
3073189731.0,nan,2021-03-04 23:07:42,reply
3073189731.0,nan,2021-03-04 23:07:42,retweet
3073189731.0,nan,2021-03-04 23:07:42,reply
88444152.0,nan,2021-03-04 23:06:51,retweet
88444152.0,nan,2021-03-04 23:06:51,reply
88444152.0,nan,2021-03-04 23:06:51,retweet
88444152.0,nan,2021-03-04 23:06:51,reply
7.435804428724511e+17,nan,2021-03-04 23:06:46,retweet
7.435804428724511e+17,nan,2021-03-04 23:06:46,reply
237401183.0,nan,2021-03-04 23:06:40,retweet
237401183.0,nan,2021-03-04 23:06:40,reply
79772646.0,nan,2021-03-04 23:06:20,retweet
79772646.0,nan,2021-03-04 23:06:20,reply
79772646.0,nan,2021-03-04 23:05:26,retweet
79772646.0,nan,2021-03-04 23:05:26,reply
137840878.0,nan,2021-03-04 23:05:24,retweet
137840878.0,nan,2021-03-04 23:05:24,reply
65749506.0,136802851,2021-03-04 23:05:17,mention
65749506.0,nan,2021-03-04 23:05:17,retweet
65749506.0,nan,2021-03-04 23:05:17,reply
156386860.0,nan,2021-03-04 23:04:51,retweet
156386860.0,nan,2021-03-04 23:04:51,reply
1945948387.0,1552989858787999745,2021-03-04 23:04:41,mention
1945948387.0,nan,2021-03-04 23:04:41,retweet
1945948387.0,1.3676059298275779e+18,2021-03-04 23:04:41,reply
1.2249051737488507e+18,nan,2021-03-04 23:04:23,retweet
1.2249051737488507e+18,nan,2021-03-04 23:04:23,reply
1.0026709292589752e+18,nan,2021-03-04 23:03:53,retweet
1.0026709292589752e+18,nan,2021-03-04 23:03:53,reply
7.028860613122212e+17,1813696567892959232,2021-03-04 23:03:44,mention
7.028860613122212e+17,nan,2021-03-04 23:03:44,retweet
7.028860613122212e+17,1.3676004980025098e+18,2021-03-04 23:03:44,reply
8.965061789010944e+17,nan,2021-03-04 23:03:36,retweet
8.965061789010944e+17,nan,2021-03-04 23:03:36,reply
445792395.0,nan,2021-03-04 23:03:27,retweet
445792395.0,nan,2021-03-04 23:03:27,reply
82092741.0,nan,2021-03-04 23:03:07,retweet
82092741.0,nan,2021-03-04 23:03:07,reply
181155828.0,50467662,2021-03-04 23:03:04,mention
181155828.0,nan,2021-03-04 23:03:04,retweet
181155828.0,1.367605778312495e+18,2021-03-04 23:03:04,reply
1.341519042402775e+18,nan,2021-03-04 23:02:12,retweet
1.341519042402775e+18,nan,2021-03-04 23:02:12,reply
82092741.0,nan,2021-03-04 23:02:06,retweet
82092741.0,nan,2021-03-04 23:02:06,reply
1.2407879161814303e+18,nan,2021-03-04 23:01:41,retweet
1.2407879161814303e+18,nan,2021-03-04 23:01:41,reply
1.358626046506107e+18,nan,2021-03-04 23:01:22,retweet
1.358626046506107e+18,nan,2021-03-04 23:01:22,reply
90307302.0,nan,2021-03-04 23:00:54,retweet
90307302.0,nan,2021-03-04 23:00:54,reply
181155828.0,67656004,2021-03-04 23:00:51,mention
181155828.0,nan,2021-03-04 23:00:51,retweet
181155828.0,1.36761070890138e+18,2021-03-04 23:00:51,reply
7.164506757403034e+17,nan,2021-03-04 22:59:40,retweet
7.164506757403034e+17,nan,2021-03-04 22:59:40,reply
7.164506757403034e+17,nan,2021-03-04 23:00:48,retweet
7.164506757403034e+17,nan,2021-03-04 23:00:48,reply
1.3605774653626245e+18,nan,2021-03-04 23:00:23,retweet
1.3605774653626245e+18,nan,2021-03-04 23:00:23,reply
150328646.0,nan,2021-03-04 23:00:13,retweet
150328646.0,nan,2021-03-04 23:00:13,reply
9.679612794649846e+17,nan,2021-03-04 22:59:58,retweet
9.679612794649846e+17,nan,2021-03-04 22:59:58,reply
4807591179.0,nan,2021-03-04 22:59:38,retweet
4807591179.0,nan,2021-03-04 22:59:38,reply
4807591179.0,nan,2021-03-04 22:59:55,retweet
4807591179.0,nan,2021-03-04 22:59:55,reply
272606678.0,nan,2021-03-04 22:59:51,retweet
272606678.0,nan,2021-03-04 22:59:51,reply
44992828.0,nan,2021-03-04 22:59:34,retweet
44992828.0,nan,2021-03-04 22:59:34,reply
nan,nan,2021-03-04 22:59:28,retweet
nan,nan,2021-03-04 22:59:28,reply
1876768382.0,nan,2021-03-04 22:59:22,retweet
1876768382.0,nan,2021-03-04 22:59:22,reply
1.345501315653378e+18,nan,2021-03-04 22:59:15,retweet
1.345501315653378e+18,nan,2021-03-04 22:59:15,reply
2329312274.0,14994303,2021-03-04 22:59:08,mention
2329312274.0,nan,2021-03-04 22:59:08,retweet
2329312274.0,nan,2021-03-04 22:59:08,reply
9.855644854853222e+17,nan,2021-03-04 22:58:59,retweet
9.855644854853222e+17,nan,2021-03-04 22:58:59,reply
2806935616.0,nan,2021-03-04 22:58:48,retweet
2806935616.0,1.3676105044962386e+18,2021-03-04 22:58:48,reply
718023411.0,nan,2021-03-04 22:58:36,retweet
718023411.0,nan,2021-03-04 22:58:36,reply
7.42886348441432e+17,nan,2021-03-04 22:58:27,retweet
7.42886348441432e+17,nan,2021-03-04 22:58:27,reply
2189966872.0,nan,2021-03-04 22:58:20,retweet
2189966872.0,nan,2021-03-04 22:58:20,reply
1535743202.0,nan,2021-03-04 22:58:16,retweet
1535743202.0,nan,2021-03-04 22:58:16,reply
21416788.0,nan,2021-03-04 22:58:08,retweet
21416788.0,nan,2021-03-04 22:58:08,reply
7.29755320264872e+17,nan,2021-03-04 22:58:04,retweet
7.29755320264872e+17,nan,2021-03-04 22:58:04,reply
241357234.0,nan,2021-03-04 22:58:03,retweet
241357234.0,nan,2021-03-04 22:58:03,reply
205386549.0,nan,2021-03-04 22:57:59,retweet
205386549.0,nan,2021-03-04 22:57:59,reply
91991980.0,nan,2021-03-04 22:57:58,retweet
91991980.0,nan,2021-03-04 22:57:58,reply
83764064.0,nan,2021-03-04 22:57:55,retweet
83764064.0,nan,2021-03-04 22:57:55,reply
83764064.0,nan,2021-03-04 22:57:55,retweet
83764064.0,nan,2021-03-04 22:57:55,reply
1.358884460721275e+18,nan,2021-03-04 22:57:39,retweet
1.358884460721275e+18,nan,2021-03-04 22:57:39,reply
293108007.0,nan,2021-03-04 22:57:37,retweet
293108007.0,nan,2021-03-04 22:57:37,reply
8.913461397772042e+17,nan,2021-03-04 22:57:33,retweet
8.913461397772042e+17,nan,2021-03-04 22:57:33,reply
3453257775.0,nan,2021-03-04 22:57:26,retweet
3453257775.0,nan,2021-03-04 22:57:26,reply
64950962.0,nan,2021-03-04 22:57:15,retweet
64950962.0,nan,2021-03-04 22:57:15,reply
58900872.0,nan,2021-03-04 22:57:11,retweet
58900872.0,nan,2021-03-04 22:57:11,reply
90905784.0,nan,2021-03-04 22:56:58,retweet
90905784.0,nan,2021-03-04 22:56:58,reply
2437804124.0,nan,2021-03-04 22:56:55,retweet
2437804124.0,nan,2021-03-04 22:56:55,reply
1.1779862856901181e+18,nan,2021-03-04 22:56:51,retweet
1.1779862856901181e+18,nan,2021-03-04 22:56:51,reply
1.1406561108876698e+18,nan,2021-03-04 22:56:36,retweet
1.1406561108876698e+18,nan,2021-03-04 22:56:36,reply
7.9284907082607e+17,nan,2021-03-04 22:56:30,retweet
7.9284907082607e+17,nan,2021-03-04 22:56:30,reply
7.988948683282268e+17,nan,2021-03-04 22:56:29,retweet
7.988948683282268e+17,nan,2021-03-04 22:56:29,reply
nan,nan,2021-03-04 22:55:57,retweet
nan,nan,2021-03-04 22:55:57,reply
1.0502233181026099e+18,nan,2021-03-04 22:55:51,retweet
1.0502233181026099e+18,nan,2021-03-04 22:55:51,reply
1945948387.0,339963074,2021-03-04 22:55:48,mention
1945948387.0,nan,2021-03-04 22:55:48,retweet
1945948387.0,1.3676049748055245e+18,2021-03-04 22:55:48,reply
44992828.0,nan,2021-03-04 22:55:25,retweet
44992828.0,nan,2021-03-04 22:55:25,reply
nan,nan,2021-03-04 22:55:22,retweet
nan,nan,2021-03-04 22:55:22,reply
173485903.0,nan,2021-03-04 22:55:20,retweet
173485903.0,nan,2021-03-04 22:55:20,reply
150328646.0,nan,2021-03-04 22:55:12,retweet
150328646.0,nan,2021-03-04 22:55:12,reply
1.3631572626641674e+18,nan,2021-03-04 22:54:57,retweet
1.3631572626641674e+18,nan,2021-03-04 22:54:57,reply
1.3605774653626245e+18,nan,2021-03-04 22:54:55,retweet
1.3605774653626245e+18,nan,2021-03-04 22:54:55,reply
3246649503.0,nan,2021-03-04 22:54:47,retweet
3246649503.0,nan,2021-03-04 22:54:47,reply
2503052285.0,14994303,2021-03-04 22:54:26,mention
2503052285.0,nan,2021-03-04 22:54:26,retweet
2503052285.0,nan,2021-03-04 22:54:26,reply
9.734064437004575e+17,nan,2021-03-04 22:54:21,retweet
9.734064437004575e+17,nan,2021-03-04 22:54:21,reply
1.0269719576638833e+18,nan,2021-03-04 22:54:17,retweet
1.0269719576638833e+18,nan,2021-03-04 22:54:17,reply
3536042237.0,nan,2021-03-04 22:53:41,retweet
3536042237.0,nan,2021-03-04 22:53:41,reply
1.351188841558913e+18,nan,2021-03-04 20:54:47,retweet
1.351188841558913e+18,nan,2021-03-04 20:54:47,reply
1.351188841558913e+18,nan,2021-03-04 22:53:40,retweet
1.351188841558913e+18,nan,2021-03-04 22:53:40,reply
100554945.0,nan,2021-03-04 22:53:26,retweet
100554945.0,nan,2021-03-04 22:53:26,reply
353778904.0,nan,2021-03-04 22:53:26,retweet
353778904.0,nan,2021-03-04 22:53:26,reply
1.3580785946610606e+18,nan,2021-03-04 22:53:05,retweet
1.3580785946610606e+18,nan,2021-03-04 22:53:05,reply
1.3605774653626245e+18,nan,2021-03-04 22:52:58,retweet
1.3605774653626245e+18,nan,2021-03-04 22:52:58,reply
1.1042084495613952e+18,nan,2021-03-04 22:51:13,retweet
1.1042084495613952e+18,nan,2021-03-04 22:51:13,reply
1.1042084495613952e+18,nan,2021-03-04 22:51:13,retweet
1.1042084495613952e+18,nan,2021-03-04 22:51:13,reply
8.245201014666076e+17,nan,2021-03-04 22:51:10,retweet
8.245201014666076e+17,nan,2021-03-04 22:51:10,reply
9.73614330662015e+17,nan,2021-03-04 22:50:46,retweet
9.73614330662015e+17,nan,2021-03-04 22:50:46,reply
2806935616.0,nan,2021-03-04 22:50:45,retweet
2806935616.0,nan,2021-03-04 22:50:45,reply
1918040473.0,nan,2021-03-04 22:50:33,retweet
1918040473.0,nan,2021-03-04 22:50:33,reply
1080663122.0,nan,2021-03-04 22:50:33,retweet
1080663122.0,nan,2021-03-04 22:50:33,reply
1.3298023148619735e+18,nan,2021-03-04 22:50:32,retweet
1.3298023148619735e+18,1.367608186124071e+18,2021-03-04 22:50:32,reply
1.3555607070650737e+18,nan,2021-03-04 22:50:16,retweet
1.3555607070650737e+18,1.367608186124071e+18,2021-03-04 22:50:16,reply
7.525150064916603e+17,nan,2021-03-04 22:50:09,retweet
7.525150064916603e+17,nan,2021-03-04 22:50:09,reply
1.357451706553008e+18,50467662,2021-03-04 22:44:34,mention
1.357451706553008e+18,nan,2021-03-04 22:44:34,retweet
1.357451706553008e+18,1.367605778312495e+18,2021-03-04 22:44:34,reply
1.357451706553008e+18,nan,2021-03-04 22:50:00,retweet
1.357451706553008e+18,1.367605778312495e+18,2021-03-04 22:50:00,reply
14838822.0,nan,2021-03-04 22:49:59,retweet
14838822.0,nan,2021-03-04 22:49:59,reply
1.2262989446212936e+18,nan,2021-03-04 22:49:54,retweet
1.2262989446212936e+18,nan,2021-03-04 22:49:54,reply
1.201990750571049e+18,nan,2021-03-04 22:49:48,retweet
1.201990750571049e+18,nan,2021-03-04 22:49:48,reply
28368606.0,nan,2021-03-04 22:49:45,retweet
28368606.0,nan,2021-03-04 22:49:45,reply
69974587.0,nan,2021-03-04 22:49:29,retweet
69974587.0,nan,2021-03-04 22:49:29,reply
8.504397932930949e+17,nan,2021-03-04 22:49:21,retweet
8.504397932930949e+17,nan,2021-03-04 22:49:21,reply
1.3578155315675423e+18,nan,2021-03-04 22:49:07,retweet
1.3578155315675423e+18,nan,2021-03-04 22:49:07,reply
248294787.0,nan,2021-03-04 22:49:04,retweet
248294787.0,nan,2021-03-04 22:49:04,reply
1.2299836653436068e+18,nan,2021-03-04 22:49:04,retweet
1.2299836653436068e+18,nan,2021-03-04 22:49:04,reply
1.2557485533491773e+18,nan,2021-03-04 22:48:48,retweet
1.2557485533491773e+18,nan,2021-03-04 22:48:48,reply
1539919208.0,nan,2021-03-04 22:48:06,retweet
1539919208.0,nan,2021-03-04 22:48:06,reply
1.3620371484767273e+18,nan,2021-03-04 22:48:00,retweet
1.3620371484767273e+18,nan,2021-03-04 22:48:00,reply
2937221789.0,nan,2021-03-04 22:47:42,retweet
2937221789.0,nan,2021-03-04 22:47:42,reply
8.76849662791168e+17,nan,2021-03-04 22:47:33,retweet
8.76849662791168e+17,nan,2021-03-04 22:47:33,reply
3073189731.0,nan,2021-03-04 22:47:14,retweet
3073189731.0,nan,2021-03-04 22:47:14,reply
444968085.0,179185127,2021-03-04 22:47:14,mention
444968085.0,nan,2021-03-04 22:47:14,retweet
444968085.0,nan,2021-03-04 22:47:14,reply
nan,nan,2021-03-04 22:47:12,retweet
nan,nan,2021-03-04 22:47:12,reply
1.3555607070650737e+18,nan,2021-03-04 22:46:41,retweet
1.3555607070650737e+18,nan,2021-03-04 22:46:41,reply
240062224.0,nan,2021-03-04 22:46:35,retweet
240062224.0,nan,2021-03-04 22:46:35,reply
9.55230823002923e+17,nan,2021-03-04 22:45:56,retweet
9.55230823002923e+17,nan,2021-03-04 22:45:56,reply
439675045.0,nan,2021-03-04 22:45:51,retweet
439675045.0,nan,2021-03-04 22:45:51,reply
410860599.0,14994303,2021-03-04 22:45:46,mention
410860599.0,nan,2021-03-04 22:45:46,retweet
410860599.0,nan,2021-03-04 22:45:46,reply
7.007487710643487e+17,14994303,2021-03-04 22:45:39,mention
7.007487710643487e+17,nan,2021-03-04 22:45:39,retweet
7.007487710643487e+17,nan,2021-03-04 22:45:39,reply
1.3563817780643226e+18,nan,2021-03-04 22:45:28,retweet
1.3563817780643226e+18,nan,2021-03-04 22:45:28,reply
1.3624963700542013e+18,nan,2021-03-04 22:41:26,retweet
1.3624963700542013e+18,nan,2021-03-04 22:41:26,reply
1.3624963700542013e+18,nan,2021-03-04 22:45:28,retweet
1.3624963700542013e+18,nan,2021-03-04 22:45:28,reply
1.0903179645895844e+18,nan,2021-03-04 22:44:52,retweet
1.0903179645895844e+18,nan,2021-03-04 22:44:52,reply
1.0625438298725868e+18,nan,2021-03-04 22:44:32,retweet
1.0625438298725868e+18,nan,2021-03-04 22:44:32,reply
1081673372.0,nan,2021-03-04 22:44:28,retweet
1081673372.0,nan,2021-03-04 22:44:28,reply
8.497268320270705e+17,nan,2021-03-04 22:44:23,retweet
8.497268320270705e+17,nan,2021-03-04 22:44:23,reply
8.497268320270705e+17,nan,2021-03-04 22:44:23,retweet
8.497268320270705e+17,nan,2021-03-04 22:44:23,reply
3351993640.0,nan,2021-03-04 22:44:08,retweet
3351993640.0,nan,2021-03-04 22:44:08,reply
3099812141.0,135008861,2021-03-04 22:43:39,mention
3099812141.0,nan,2021-03-04 22:43:39,retweet
3099812141.0,1.3676063703637033e+18,2021-03-04 22:43:39,reply
17250310.0,nan,2021-03-04 22:42:58,retweet
17250310.0,nan,2021-03-04 22:42:58,reply
7.015691010477138e+17,nan,2021-03-04 22:42:42,retweet
7.015691010477138e+17,nan,2021-03-04 22:42:42,reply
3001882287.0,nan,2021-03-04 22:42:06,retweet
3001882287.0,nan,2021-03-04 22:42:06,reply
1.3217706176208773e+18,nan,2021-03-04 22:42:01,retweet
1.3217706176208773e+18,nan,2021-03-04 22:42:01,reply
588681219.0,nan,2021-03-04 22:41:46,retweet
588681219.0,nan,2021-03-04 22:41:46,reply
1.2450937808622223e+18,nan,2021-03-04 22:41:07,retweet
1.2450937808622223e+18,nan,2021-03-04 22:41:07,reply
9.978784270289838e+17,nan,2021-03-04 22:41:02,retweet
9.978784270289838e+17,nan,2021-03-04 22:41:02,reply
1.029823544157528e+18,nan,2021-03-04 22:40:30,retweet
1.029823544157528e+18,nan,2021-03-04 22:40:30,reply
nan,nan,2021-03-04 22:40:25,retweet
nan,nan,2021-03-04 22:40:25,reply
1.0400568272270623e+18,14994303,2021-03-04 22:39:48,mention
1.0400568272270623e+18,nan,2021-03-04 22:39:48,retweet
1.0400568272270623e+18,nan,2021-03-04 22:39:48,reply
1.3115120081986888e+18,nan,2021-03-04 22:39:38,retweet
1.3115120081986888e+18,nan,2021-03-04 22:39:38,reply
83682170.0,nan,2021-03-04 22:39:28,retweet
83682170.0,nan,2021-03-04 22:39:28,reply
367445097.0,nan,2021-03-04 22:39:21,retweet
367445097.0,nan,2021-03-04 22:39:21,reply
1854231558.0,nan,2021-03-04 22:39:20,retweet
1854231558.0,nan,2021-03-04 22:39:20,reply
41466414.0,nan,2021-03-04 22:39:03,retweet
41466414.0,nan,2021-03-04 22:39:03,reply
8.349283763684803e+17,nan,2021-03-04 22:38:44,retweet
8.349283763684803e+17,nan,2021-03-04 22:38:44,reply
2862545127.0,nan,2021-03-04 22:38:30,retweet
2862545127.0,nan,2021-03-04 22:38:30,reply
41466414.0,nan,2021-03-04 22:38:06,retweet
41466414.0,nan,2021-03-04 22:38:06,reply
8.43521374706647e+17,nan,2021-03-04 22:37:53,retweet
8.43521374706647e+17,nan,2021-03-04 22:37:53,reply
1.3624963700542013e+18,nan,2021-03-04 22:35:13,retweet
1.3624963700542013e+18,nan,2021-03-04 22:35:13,reply
1.3624963700542013e+18,nan,2021-03-04 22:37:02,retweet
1.3624963700542013e+18,nan,2021-03-04 22:37:02,reply
29101242.0,nan,2021-03-04 22:36:51,retweet
29101242.0,nan,2021-03-04 22:36:51,reply
316679092.0,nan,2021-03-04 22:36:46,retweet
316679092.0,nan,2021-03-04 22:36:46,reply
55090636.0,nan,2021-03-04 22:36:40,retweet
55090636.0,nan,2021-03-04 22:36:40,reply
nan,nan,2021-03-04 22:36:23,retweet
nan,nan,2021-03-04 22:36:23,reply
63395944.0,nan,2021-03-04 22:35:54,retweet
63395944.0,nan,2021-03-04 22:35:54,reply
1.3557014680205517e+18,nan,2021-03-04 22:35:41,retweet
1.3557014680205517e+18,nan,2021-03-04 22:35:41,reply
48558985.0,nan,2021-03-04 22:35:14,retweet
48558985.0,nan,2021-03-04 22:35:14,reply
1215900127.0,nan,2021-03-04 22:35:11,retweet
1215900127.0,nan,2021-03-04 22:35:11,reply
2474353003.0,nan,2021-03-04 22:35:06,retweet
2474353003.0,nan,2021-03-04 22:35:06,reply
80139750.0,nan,2021-03-04 22:34:52,retweet
80139750.0,nan,2021-03-04 22:34:52,reply
8.273196950827131e+17,nan,2021-03-04 22:34:20,retweet
8.273196950827131e+17,nan,2021-03-04 22:34:20,reply
4698617791.0,nan,2021-03-04 22:34:18,retweet
4698617791.0,nan,2021-03-04 22:34:18,reply
8276062.0,nan,2021-03-04 22:34:13,retweet
8276062.0,nan,2021-03-04 22:34:13,reply
4922020186.0,nan,2021-03-04 22:31:45,retweet
4922020186.0,nan,2021-03-04 22:31:45,reply
2355322466.0,nan,2021-03-04 22:31:44,retweet
2355322466.0,nan,2021-03-04 22:31:44,reply
75644407.0,nan,2021-03-04 22:31:25,retweet
75644407.0,nan,2021-03-04 22:31:25,reply
1.1406561108876698e+18,nan,2021-03-04 22:31:14,retweet
1.1406561108876698e+18,nan,2021-03-04 22:31:14,reply
1.3555607070650737e+18,nan,2021-03-04 22:30:30,retweet
1.3555607070650737e+18,nan,2021-03-04 22:30:30,reply
83764064.0,nan,2021-03-04 22:30:07,retweet
83764064.0,nan,2021-03-04 22:30:07,reply
240803957.0,nan,2021-03-04 22:30:07,retweet
240803957.0,nan,2021-03-04 22:30:07,reply
3138571558.0,nan,2021-03-04 22:29:56,retweet
3138571558.0,nan,2021-03-04 22:29:56,reply
nan,nan,2021-03-04 22:29:38,retweet
nan,nan,2021-03-04 22:29:38,reply
186579350.0,nan,2021-03-04 22:29:27,retweet
186579350.0,nan,2021-03-04 22:29:27,reply
3293201434.0,nan,2021-03-04 22:29:06,retweet
3293201434.0,nan,2021-03-04 22:29:06,reply
50031580.0,nan,2021-03-04 22:29:04,retweet
50031580.0,nan,2021-03-04 22:29:04,reply
2862545127.0,nan,2021-03-04 22:28:51,retweet
2862545127.0,nan,2021-03-04 22:28:51,reply
579326265.0,nan,2021-03-04 22:28:40,retweet
579326265.0,nan,2021-03-04 22:28:40,reply
1.3578905853366886e+18,nan,2021-03-04 22:28:27,retweet
1.3578905853366886e+18,nan,2021-03-04 22:28:27,reply
83682170.0,nan,2021-03-04 22:28:12,retweet
83682170.0,nan,2021-03-04 22:28:12,reply
1.3183219086481285e+18,nan,2021-03-04 22:28:05,retweet
1.3183219086481285e+18,nan,2021-03-04 22:28:05,reply
83682170.0,nan,2021-03-04 22:27:45,retweet
83682170.0,nan,2021-03-04 22:27:45,reply
231844031.0,nan,2021-03-04 22:27:30,retweet
231844031.0,nan,2021-03-04 22:27:30,reply
1.22872093344947e+18,nan,2021-03-04 22:27:04,retweet
1.22872093344947e+18,nan,2021-03-04 22:27:04,reply
9.73614330662015e+17,nan,2021-03-04 22:26:53,retweet
9.73614330662015e+17,nan,2021-03-04 22:26:53,reply
9.491147105568563e+17,nan,2021-03-04 22:26:43,retweet
9.491147105568563e+17,nan,2021-03-04 22:26:43,reply
1.0075457179200184e+18,nan,2021-03-04 22:26:33,retweet
1.0075457179200184e+18,nan,2021-03-04 22:26:33,reply
8.49017424565416e+17,nan,2021-03-04 22:25:41,retweet
8.49017424565416e+17,nan,2021-03-04 22:25:41,reply
1.2233192972310282e+18,nan,2021-03-04 22:25:37,retweet
1.2233192972310282e+18,nan,2021-03-04 22:25:37,reply
187485153.0,nan,2021-03-04 22:24:12,retweet
187485153.0,nan,2021-03-04 22:24:12,reply
394087216.0,nan,2021-03-04 22:24:06,retweet
394087216.0,nan,2021-03-04 22:24:06,reply
1.305333012335399e+18,nan,2021-03-04 22:23:18,retweet
1.305333012335399e+18,nan,2021-03-04 22:23:18,reply
621130810.0,nan,2021-03-04 22:23:08,retweet
621130810.0,nan,2021-03-04 22:23:08,reply
66788363.0,nan,2021-03-04 16:21:19,retweet
66788363.0,nan,2021-03-04 16:21:19,reply
66788363.0,nan,2021-03-04 22:22:49,retweet
66788363.0,nan,2021-03-04 22:22:49,reply
7.015691010477138e+17,nan,2021-03-04 22:22:41,retweet
7.015691010477138e+17,nan,2021-03-04 22:22:41,reply
7.999823018537329e+17,nan,2021-03-04 22:22:22,retweet
7.999823018537329e+17,nan,2021-03-04 22:22:22,reply
1.257253620791337e+18,nan,2021-03-04 22:21:57,retweet
1.257253620791337e+18,nan,2021-03-04 22:21:57,reply
242328233.0,nan,2021-03-04 22:20:34,retweet
242328233.0,nan,2021-03-04 22:20:34,reply
3291872936.0,14994303,2021-03-04 22:20:04,mention
3291872936.0,nan,2021-03-04 22:20:04,retweet
3291872936.0,nan,2021-03-04 22:20:04,reply
3430679465.0,nan,2021-03-04 22:19:41,retweet
3430679465.0,nan,2021-03-04 22:19:41,reply
2914666323.0,nan,2021-03-04 22:19:14,retweet
2914666323.0,nan,2021-03-04 22:19:14,reply
160618046.0,nan,2021-03-04 22:17:23,retweet
160618046.0,nan,2021-03-04 22:17:23,reply
1918040473.0,nan,2021-03-04 22:17:20,retweet
1918040473.0,nan,2021-03-04 22:17:20,reply
7.007487710643487e+17,nan,2021-03-04 22:16:56,retweet
7.007487710643487e+17,nan,2021-03-04 22:16:56,reply
1.22872093344947e+18,nan,2021-03-04 22:16:22,retweet
1.22872093344947e+18,nan,2021-03-04 22:16:22,reply
1.2102973509226578e+18,nan,2021-03-04 22:16:20,retweet
1.2102973509226578e+18,nan,2021-03-04 22:16:20,reply
67909534.0,nan,2021-03-04 22:15:19,retweet
67909534.0,nan,2021-03-04 22:15:19,reply
83764064.0,nan,2021-03-04 22:14:56,retweet
83764064.0,nan,2021-03-04 22:14:56,reply
83764064.0,14994303,2021-03-04 22:14:56,mention
83764064.0,nan,2021-03-04 22:14:56,retweet
83764064.0,nan,2021-03-04 22:14:56,reply
127304106.0,nan,2021-03-04 22:14:09,retweet
127304106.0,nan,2021-03-04 22:14:09,reply
9.3838221862332e+17,nan,2021-03-04 22:13:57,retweet
9.3838221862332e+17,nan,2021-03-04 22:13:57,reply
3142448243.0,nan,2021-03-04 22:12:52,retweet
3142448243.0,nan,2021-03-04 22:12:52,reply
107516237.0,14994303,2021-03-04 22:11:58,mention
107516237.0,nan,2021-03-04 22:11:58,retweet
107516237.0,nan,2021-03-04 22:11:58,reply
242384665.0,nan,2021-03-04 22:11:47,retweet
242384665.0,nan,2021-03-04 22:11:47,reply
1.299571916446085e+18,nan,2021-03-04 22:11:46,retweet
1.299571916446085e+18,nan,2021-03-04 22:11:46,reply
nan,nan,2021-03-04 22:10:59,retweet
nan,nan,2021-03-04 22:10:59,reply
386658615.0,nan,2021-03-04 22:10:51,retweet
386658615.0,nan,2021-03-04 22:10:51,reply
568480793.0,14994303,2021-03-04 22:10:24,mention
568480793.0,nan,2021-03-04 22:10:24,retweet
568480793.0,nan,2021-03-04 22:10:24,reply
1.0616327688142602e+18,nan,2021-03-04 22:09:57,retweet
1.0616327688142602e+18,nan,2021-03-04 22:09:57,reply
547740143.0,14994303,2021-03-04 22:09:48,mention
547740143.0,nan,2021-03-04 22:09:48,retweet
547740143.0,nan,2021-03-04 22:09:48,reply
7.015691010477138e+17,nan,2021-03-04 22:09:44,retweet
7.015691010477138e+17,nan,2021-03-04 22:09:44,reply
1.0769862500898939e+18,14994303,2021-03-04 22:09:43,mention
1.0769862500898939e+18,nan,2021-03-04 22:09:43,retweet
1.0769862500898939e+18,nan,2021-03-04 22:09:43,reply
77612013.0,nan,2021-03-04 22:09:21,retweet
77612013.0,nan,2021-03-04 22:09:21,reply
1.1373511346397307e+18,nan,2021-03-04 22:09:04,retweet
1.1373511346397307e+18,nan,2021-03-04 22:09:04,reply
1074153942.0,nan,2021-03-04 22:08:01,retweet
1074153942.0,nan,2021-03-04 22:08:01,reply
8.314189568964076e+17,nan,2021-03-04 22:07:46,retweet
8.314189568964076e+17,nan,2021-03-04 22:07:46,reply
4846430788.0,nan,2021-03-04 22:07:39,retweet
4846430788.0,nan,2021-03-04 22:07:39,reply
nan,nan,2021-03-04 22:06:00,retweet
nan,nan,2021-03-04 22:06:00,reply
nan,nan,2021-03-04 22:05:29,retweet
nan,nan,2021-03-04 22:05:29,reply
1726652798.0,nan,2021-03-04 22:04:30,retweet
1726652798.0,nan,2021-03-04 22:04:30,reply
1.1723427211487928e+18,nan,2021-03-04 22:02:18,retweet
1.1723427211487928e+18,nan,2021-03-04 22:02:18,reply
1.1723427211487928e+18,nan,2021-03-04 22:04:20,retweet
1.1723427211487928e+18,nan,2021-03-04 22:04:20,reply
172958036.0,nan,2021-03-04 22:04:19,retweet
172958036.0,nan,2021-03-04 22:04:19,reply
8.443853497910354e+17,nan,2021-03-03 22:49:59,retweet
8.443853497910354e+17,nan,2021-03-03 22:49:59,reply
8.443853497910354e+17,nan,2021-03-04 22:03:17,retweet
8.443853497910354e+17,nan,2021-03-04 22:03:17,reply
1.3632127703349002e+18,nan,2021-03-04 22:02:56,retweet
1.3632127703349002e+18,nan,2021-03-04 22:02:56,reply
1.3096952250618348e+18,nan,2021-03-04 22:02:21,retweet
1.3096952250618348e+18,nan,2021-03-04 22:02:21,reply
1.3559419092823695e+18,nan,2021-03-04 22:01:57,retweet
1.3559419092823695e+18,nan,2021-03-04 22:01:57,reply
1.3149890631753114e+18,nan,2021-03-04 22:01:19,retweet
1.3149890631753114e+18,nan,2021-03-04 22:01:19,reply
1.2184147394135245e+18,nan,2021-03-04 22:01:12,retweet
1.2184147394135245e+18,nan,2021-03-04 22:01:12,reply
162097715.0,nan,2021-03-04 22:01:11,retweet
162097715.0,nan,2021-03-04 22:01:11,reply
4891965497.0,nan,2021-03-04 21:59:46,retweet
4891965497.0,nan,2021-03-04 21:59:46,reply
1.3344864456801894e+18,nan,2021-03-04 21:59:14,retweet
1.3344864456801894e+18,nan,2021-03-04 21:59:14,reply
8.377399323450409e+17,nan,2021-03-04 21:58:49,retweet
8.377399323450409e+17,nan,2021-03-04 21:58:49,reply
1.0019871891216589e+18,nan,2021-03-04 21:57:08,retweet
1.0019871891216589e+18,nan,2021-03-04 21:57:08,reply
1.0420379373560709e+18,nan,2021-03-04 21:56:42,retweet
1.0420379373560709e+18,nan,2021-03-04 21:56:42,reply
1.0938389461681234e+18,nan,2021-03-04 21:56:19,retweet
1.0938389461681234e+18,nan,2021-03-04 21:56:19,reply
1.3567735048012636e+18,nan,2021-03-04 21:56:02,retweet
1.3567735048012636e+18,nan,2021-03-04 21:56:02,reply
1.2154972680208753e+18,nan,2021-03-04 21:55:41,retweet
1.2154972680208753e+18,nan,2021-03-04 21:55:41,reply
7.174773180301353e+17,nan,2021-03-04 21:55:01,retweet
7.174773180301353e+17,nan,2021-03-04 21:55:01,reply
1.2262989446212936e+18,nan,2021-03-04 21:54:31,retweet
1.2262989446212936e+18,nan,2021-03-04 21:54:31,reply
288968049.0,nan,2021-03-04 21:53:55,retweet
288968049.0,nan,2021-03-04 21:53:55,reply
4893596200.0,nan,2021-03-04 21:53:41,retweet
4893596200.0,nan,2021-03-04 21:53:41,reply
1629297769.0,nan,2021-03-04 21:53:24,retweet
1629297769.0,nan,2021-03-04 21:53:24,reply
59972750.0,nan,2021-03-04 21:53:05,retweet
59972750.0,nan,2021-03-04 21:53:05,reply
1.1578460995976274e+18,nan,2021-03-04 21:52:51,retweet
1.1578460995976274e+18,nan,2021-03-04 21:52:51,reply
4405482021.0,nan,2021-03-04 21:51:27,retweet
4405482021.0,nan,2021-03-04 21:51:27,reply
1.0938389461681234e+18,nan,2021-03-04 21:51:14,retweet
1.0938389461681234e+18,nan,2021-03-04 21:51:14,reply
64717337.0,1564816840098021377,2021-03-04 21:51:02,mention
64717337.0,nan,2021-03-04 21:51:02,retweet
64717337.0,nan,2021-03-04 21:51:02,reply
4405482021.0,nan,2021-03-04 21:50:34,retweet
4405482021.0,nan,2021-03-04 21:50:34,reply
2345414978.0,nan,2021-03-04 21:50:28,retweet
2345414978.0,nan,2021-03-04 21:50:28,reply
1.2460228376028652e+18,nan,2021-03-04 21:50:21,retweet
1.2460228376028652e+18,nan,2021-03-04 21:50:21,reply
1.2139317766256353e+18,nan,2021-03-04 21:50:21,retweet
1.2139317766256353e+18,nan,2021-03-04 21:50:21,reply
16891491.0,nan,2021-03-04 21:50:16,retweet
16891491.0,nan,2021-03-04 21:50:16,reply
7.356794798554726e+17,nan,2021-03-04 21:40:34,retweet
7.356794798554726e+17,nan,2021-03-04 21:40:34,reply
7.356794798554726e+17,nan,2021-03-04 21:49:28,retweet
7.356794798554726e+17,nan,2021-03-04 21:49:28,reply
1255396674.0,nan,2021-03-04 21:48:46,retweet
1255396674.0,nan,2021-03-04 21:48:46,reply
180179190.0,nan,2021-03-04 21:46:42,retweet
180179190.0,nan,2021-03-04 21:46:42,reply
305090797.0,nan,2021-03-04 21:45:46,retweet
305090797.0,nan,2021-03-04 21:45:46,reply
2246562117.0,nan,2021-03-04 21:44:50,retweet
2246562117.0,nan,2021-03-04 21:44:50,reply
2246562117.0,nan,2021-03-04 21:44:50,retweet
2246562117.0,nan,2021-03-04 21:44:50,reply
1.2808308908647178e+18,nan,2021-03-04 21:43:29,retweet
1.2808308908647178e+18,nan,2021-03-04 21:43:29,reply
1.3096952250618348e+18,nan,2021-03-04 21:43:04,retweet
1.3096952250618348e+18,nan,2021-03-04 21:43:04,reply
92397074.0,nan,2021-03-04 21:42:31,retweet
92397074.0,nan,2021-03-04 21:42:31,reply
8.443853497910354e+17,nan,2021-03-04 21:41:41,retweet
8.443853497910354e+17,nan,2021-03-04 21:41:41,reply
2314384364.0,nan,2021-03-04 21:41:22,retweet
2314384364.0,nan,2021-03-04 21:41:22,reply
1.3501282217324052e+18,nan,2021-03-04 21:40:47,retweet
1.3501282217324052e+18,nan,2021-03-04 21:40:47,reply
2471860968.0,nan,2021-03-04 21:40:22,retweet
2471860968.0,nan,2021-03-04 21:40:22,reply
125188941.0,nan,2021-03-04 21:39:07,retweet
125188941.0,nan,2021-03-04 21:39:07,reply
1.321508897904042e+18,nan,2021-03-04 21:38:56,retweet
1.321508897904042e+18,nan,2021-03-04 21:38:56,reply
8.648953443914097e+17,nan,2021-03-04 21:38:22,retweet
8.648953443914097e+17,nan,2021-03-04 21:38:22,reply
2911069798.0,nan,2021-03-04 21:37:58,retweet
2911069798.0,nan,2021-03-04 21:37:58,reply
245925923.0,nan,2021-03-04 21:37:41,retweet
245925923.0,1.367589764942033e+18,2021-03-04 21:37:41,reply
55389402.0,nan,2021-03-04 21:37:05,retweet
55389402.0,nan,2021-03-04 21:37:05,reply
1.2248348518089892e+18,nan,2021-03-04 21:36:49,retweet
1.2248348518089892e+18,nan,2021-03-04 21:36:49,reply
1.0458047413081088e+18,nan,2021-03-04 21:36:39,retweet
1.0458047413081088e+18,nan,2021-03-04 21:36:39,reply
1.2230202341284168e+18,1192395565952360448,2021-03-04 21:36:34,mention
1.2230202341284168e+18,nan,2021-03-04 21:36:34,retweet
1.2230202341284168e+18,1.3675875052859146e+18,2021-03-04 21:36:34,reply
1.35839925643708e+18,nan,2021-03-04 21:36:31,retweet
1.35839925643708e+18,nan,2021-03-04 21:36:31,reply
304196450.0,nan,2021-03-04 21:36:20,retweet
304196450.0,nan,2021-03-04 21:36:20,reply
8.322487739171471e+17,nan,2021-03-04 21:36:02,retweet
8.322487739171471e+17,nan,2021-03-04 21:36:02,reply
1.0273489138068767e+18,nan,2021-03-04 21:35:54,retweet
1.0273489138068767e+18,nan,2021-03-04 21:35:54,reply
2759676574.0,nan,2021-03-04 21:35:33,retweet
2759676574.0,nan,2021-03-04 21:35:33,reply
1.3578905853366886e+18,nan,2021-03-04 21:35:23,retweet
1.3578905853366886e+18,nan,2021-03-04 21:35:23,reply
1.350620166762197e+18,nan,2021-03-04 21:34:55,retweet
1.350620166762197e+18,nan,2021-03-04 21:34:55,reply
2237368716.0,nan,2021-03-04 21:34:35,retweet
2237368716.0,nan,2021-03-04 21:34:35,reply
1.2341305813672468e+18,nan,2021-03-04 21:32:53,retweet
1.2341305813672468e+18,nan,2021-03-04 21:32:53,reply
313315520.0,nan,2021-03-04 21:31:55,retweet
313315520.0,nan,2021-03-04 21:31:55,reply
83764064.0,nan,2021-03-04 21:31:44,retweet
83764064.0,nan,2021-03-04 21:31:44,reply
83764064.0,nan,2021-03-04 21:31:44,retweet
83764064.0,nan,2021-03-04 21:31:44,reply
733234819.0,nan,2021-03-04 21:31:41,retweet
733234819.0,nan,2021-03-04 21:31:41,reply
1.2026777578487562e+18,789995979567169536,2021-03-04 21:31:00,mention
1.2026777578487562e+18,nan,2021-03-04 21:31:00,retweet
1.2026777578487562e+18,nan,2021-03-04 21:31:00,reply
1629297769.0,nan,2021-03-04 21:30:34,retweet
1629297769.0,nan,2021-03-04 21:30:34,reply
1.1400566162319319e+18,nan,2021-03-04 21:29:45,retweet
1.1400566162319319e+18,nan,2021-03-04 21:29:45,reply
9.73614330662015e+17,nan,2021-03-04 21:28:46,retweet
9.73614330662015e+17,nan,2021-03-04 21:28:46,reply
998196625.0,nan,2021-03-04 21:28:23,retweet
998196625.0,nan,2021-03-04 21:28:23,reply
1.3553740804390502e+18,14994303,2021-03-04 21:27:31,mention
1.3553740804390502e+18,nan,2021-03-04 21:27:31,retweet
1.3553740804390502e+18,nan,2021-03-04 21:27:31,reply
2756230085.0,nan,2021-03-04 21:26:33,retweet
2756230085.0,nan,2021-03-04 21:26:33,reply
1.257266834061103e+18,nan,2021-03-04 21:26:20,retweet
1.257266834061103e+18,nan,2021-03-04 21:26:20,reply
8.035653324766863e+17,nan,2021-03-04 21:26:12,retweet
8.035653324766863e+17,nan,2021-03-04 21:26:12,reply
1.280200833553109e+18,nan,2021-03-04 21:24:49,retweet
1.280200833553109e+18,nan,2021-03-04 21:24:49,reply
69974587.0,nan,2021-03-04 21:24:32,retweet
69974587.0,nan,2021-03-04 21:24:32,reply
152781350.0,nan,2021-03-04 21:24:20,retweet
152781350.0,nan,2021-03-04 21:24:20,reply
1.30237561377749e+18,nan,2021-03-04 21:24:16,retweet
1.30237561377749e+18,nan,2021-03-04 21:24:16,reply
7.134834446138163e+17,nan,2021-03-04 21:24:02,retweet
7.134834446138163e+17,nan,2021-03-04 21:24:02,reply
63527966.0,1416938882235514882,2021-03-04 21:23:25,mention
63527966.0,nan,2021-03-04 21:23:25,retweet
63527966.0,1.3675819198405059e+18,2021-03-04 21:23:25,reply
9.558921606830408e+17,nan,2021-03-04 21:23:02,retweet
9.558921606830408e+17,nan,2021-03-04 21:23:02,reply
1.2230202341284168e+18,1245340907190267905,2021-03-04 21:22:59,mention
1.2230202341284168e+18,nan,2021-03-04 21:22:59,retweet
1.2230202341284168e+18,1.3675833718330573e+18,2021-03-04 21:22:59,reply
34021358.0,nan,2021-03-04 21:22:44,retweet
34021358.0,nan,2021-03-04 21:22:44,reply
7.03588146475307e+17,nan,2021-03-04 21:22:34,retweet
7.03588146475307e+17,nan,2021-03-04 21:22:34,reply
1.360186658667303e+18,nan,2021-03-04 21:22:33,retweet
1.360186658667303e+18,nan,2021-03-04 21:22:33,reply
91996693.0,789995979567169536,2021-03-04 21:22:11,mention
91996693.0,nan,2021-03-04 21:22:11,retweet
91996693.0,nan,2021-03-04 21:22:11,reply
1.3452949159248814e+18,nan,2021-03-04 21:21:07,retweet
1.3452949159248814e+18,nan,2021-03-04 21:21:07,reply
81183614.0,nan,2021-03-04 21:19:05,retweet
81183614.0,nan,2021-03-04 21:19:05,reply
81183614.0,nan,2021-03-04 21:21:03,retweet
81183614.0,nan,2021-03-04 21:21:03,reply
2756230085.0,nan,2021-03-04 21:20:54,retweet
2756230085.0,nan,2021-03-04 21:20:54,reply
7.175284546532188e+17,nan,2021-03-04 21:20:20,retweet
7.175284546532188e+17,nan,2021-03-04 21:20:20,reply
1.3491650881676452e+18,14994303,2021-03-04 21:20:18,mention
1.3491650881676452e+18,nan,2021-03-04 21:20:18,retweet
1.3491650881676452e+18,nan,2021-03-04 21:20:18,reply
1.3563785280450191e+18,nan,2021-03-04 21:20:12,retweet
1.3563785280450191e+18,nan,2021-03-04 21:20:12,reply
179185127.0,nan,2021-03-04 21:19:41,retweet
179185127.0,nan,2021-03-04 21:19:41,reply
179185127.0,14994303,2021-03-04 21:19:41,mention
179185127.0,nan,2021-03-04 21:19:41,retweet
179185127.0,nan,2021-03-04 21:19:41,reply
165887420.0,nan,2021-03-04 21:19:32,retweet
165887420.0,nan,2021-03-04 21:19:32,reply
2739231081.0,nan,2021-03-04 21:19:30,retweet
2739231081.0,nan,2021-03-04 21:19:30,reply
8.497268320270705e+17,nan,2021-03-04 21:19:26,retweet
8.497268320270705e+17,nan,2021-03-04 21:19:26,reply
81183614.0,nan,2021-03-04 21:19:05,retweet
81183614.0,nan,2021-03-04 21:19:05,reply
7.028860613122212e+17,14994303,2021-03-04 21:18:56,mention
7.028860613122212e+17,nan,2021-03-04 21:18:56,retweet
7.028860613122212e+17,nan,2021-03-04 21:18:56,reply
172929440.0,nan,2021-03-04 21:18:37,retweet
172929440.0,nan,2021-03-04 21:18:37,reply
nan,nan,2021-03-04 21:18:03,retweet
nan,nan,2021-03-04 21:18:03,reply
1.1750489377844347e+18,nan,2021-03-04 21:17:56,retweet
1.1750489377844347e+18,nan,2021-03-04 21:17:56,reply
8.473375294140457e+17,nan,2021-03-04 21:17:53,retweet
8.473375294140457e+17,nan,2021-03-04 21:17:53,reply
1.2431393437971702e+18,nan,2021-03-04 21:17:16,retweet
1.2431393437971702e+18,nan,2021-03-04 21:17:16,reply
210592658.0,179185127,2021-03-04 21:17:09,mention
210592658.0,nan,2021-03-04 21:17:09,retweet
210592658.0,nan,2021-03-04 21:17:09,reply
8.2648654411452e+17,nan,2021-03-04 21:16:16,retweet
8.2648654411452e+17,nan,2021-03-04 21:16:16,reply
9.73614330662015e+17,nan,2021-03-04 21:16:04,retweet
9.73614330662015e+17,nan,2021-03-04 21:16:04,reply
1.3414647206127043e+18,nan,2021-03-04 21:15:15,retweet
1.3414647206127043e+18,nan,2021-03-04 21:15:15,reply
1.3624963700542013e+18,nan,2021-03-04 20:35:48,retweet
1.3624963700542013e+18,nan,2021-03-04 20:35:48,reply
1.3624963700542013e+18,nan,2021-03-04 21:15:07,retweet
1.3624963700542013e+18,nan,2021-03-04 21:15:07,reply
2681807368.0,nan,2021-03-04 21:14:33,retweet
2681807368.0,nan,2021-03-04 21:14:33,reply
1556208722.0,nan,2021-03-04 21:13:18,retweet
1556208722.0,nan,2021-03-04 21:13:18,reply
1.3085438006844908e+18,nan,2021-03-04 21:13:14,retweet
1.3085438006844908e+18,nan,2021-03-04 21:13:14,reply
1.214388975122731e+18,nan,2021-03-04 21:12:43,retweet
1.214388975122731e+18,nan,2021-03-04 21:12:43,reply
1.2102973509226578e+18,nan,2021-03-04 21:11:33,retweet
1.2102973509226578e+18,nan,2021-03-04 21:11:33,reply
1.2319321567521546e+18,nan,2021-03-04 21:11:19,retweet
1.2319321567521546e+18,nan,2021-03-04 21:11:19,reply
1.245340907190268e+18,nan,2021-03-04 21:10:58,retweet
1.245340907190268e+18,nan,2021-03-04 21:10:58,reply
1.141137755512234e+18,353778904,2021-03-04 21:10:36,mention
1.141137755512234e+18,nan,2021-03-04 21:10:36,retweet
1.141137755512234e+18,1.3675816270445363e+18,2021-03-04 21:10:36,reply
1.2182271883083325e+18,nan,2021-03-04 21:09:37,retweet
1.2182271883083325e+18,nan,2021-03-04 21:09:37,reply
83764064.0,nan,2021-03-04 21:09:33,retweet
83764064.0,nan,2021-03-04 21:09:33,reply
83764064.0,nan,2021-03-04 21:09:33,retweet
83764064.0,nan,2021-03-04 21:09:33,reply
9.632579684552335e+17,nan,2021-03-04 21:08:29,retweet
9.632579684552335e+17,nan,2021-03-04 21:08:29,reply
8.946719495106519e+17,nan,2021-03-04 21:08:22,retweet
8.946719495106519e+17,nan,2021-03-04 21:08:22,reply
2987618085.0,nan,2021-03-04 21:06:56,retweet
2987618085.0,nan,2021-03-04 21:06:56,reply
92397074.0,nan,2021-03-04 21:06:36,retweet
92397074.0,nan,2021-03-04 21:06:36,reply
1.2712523604473446e+18,nan,2021-03-04 21:06:32,retweet
1.2712523604473446e+18,nan,2021-03-04 21:06:32,reply
231844031.0,14994303,2021-03-04 21:06:29,mention
231844031.0,nan,2021-03-04 21:06:29,retweet
231844031.0,nan,2021-03-04 21:06:29,reply
56108674.0,nan,2021-03-04 21:06:21,retweet
56108674.0,nan,2021-03-04 21:06:21,reply
57797576.0,nan,2021-03-04 21:06:15,retweet
57797576.0,nan,2021-03-04 21:06:15,reply
1.1087700650365583e+18,nan,2021-03-04 21:05:45,retweet
1.1087700650365583e+18,nan,2021-03-04 21:05:45,reply
9.808426565312102e+17,nan,2021-03-04 21:05:34,retweet
9.808426565312102e+17,nan,2021-03-04 21:05:34,reply
1942871532.0,nan,2021-03-04 21:05:19,retweet
1942871532.0,nan,2021-03-04 21:05:19,reply
1.174177111948628e+18,nan,2021-03-04 21:05:10,retweet
1.174177111948628e+18,nan,2021-03-04 21:05:10,reply
65201750.0,nan,2021-03-04 21:05:03,retweet
65201750.0,nan,2021-03-04 21:05:03,reply
1.0900835873685873e+18,nan,2021-03-04 21:04:32,retweet
1.0900835873685873e+18,nan,2021-03-04 21:04:32,reply
8.030570099019244e+17,nan,2021-03-04 21:04:18,retweet
8.030570099019244e+17,nan,2021-03-04 21:04:18,reply
7.151383001728737e+17,nan,2021-03-04 21:04:11,retweet
7.151383001728737e+17,nan,2021-03-04 21:04:11,reply
977501684.0,nan,2021-03-04 21:04:07,retweet
977501684.0,nan,2021-03-04 21:04:07,reply
1.0552228649604792e+18,nan,2021-03-04 21:02:58,retweet
1.0552228649604792e+18,nan,2021-03-04 21:02:58,reply
8.473375294140457e+17,nan,2021-03-04 21:02:41,retweet
8.473375294140457e+17,nan,2021-03-04 21:02:41,reply
1372038560.0,14994303,2021-03-04 21:02:22,mention
1372038560.0,nan,2021-03-04 21:02:22,retweet
1372038560.0,nan,2021-03-04 21:02:22,reply
1.3555607070650737e+18,nan,2021-03-04 21:02:07,retweet
1.3555607070650737e+18,nan,2021-03-04 21:02:07,reply
3251602552.0,nan,2021-03-04 21:02:03,retweet
3251602552.0,nan,2021-03-04 21:02:03,reply
3073189731.0,nan,2021-03-04 21:01:39,retweet
3073189731.0,nan,2021-03-04 21:01:39,reply
3073189731.0,nan,2021-03-04 21:01:39,retweet
3073189731.0,nan,2021-03-04 21:01:39,reply
3351993640.0,nan,2021-03-04 21:01:36,retweet
3351993640.0,nan,2021-03-04 21:01:36,reply
83047809.0,nan,2021-03-04 21:01:02,retweet
83047809.0,nan,2021-03-04 21:01:02,reply
1.350835974121648e+18,nan,2021-03-04 21:00:55,retweet
1.350835974121648e+18,nan,2021-03-04 21:00:55,reply
1.003752931479425e+18,nan,2021-03-04 21:00:06,retweet
1.003752931479425e+18,nan,2021-03-04 21:00:06,reply
9.679612794649846e+17,nan,2021-03-04 20:59:35,retweet
9.679612794649846e+17,nan,2021-03-04 20:59:35,reply
1914175590.0,nan,2021-03-04 20:59:21,retweet
1914175590.0,nan,2021-03-04 20:59:21,reply
1.0430994075232174e+18,nan,2021-03-04 20:59:00,retweet
1.0430994075232174e+18,nan,2021-03-04 20:59:00,reply
nan,nan,2021-03-04 20:58:29,retweet
nan,nan,2021-03-04 20:58:29,reply
1.1779862856901181e+18,nan,2021-03-04 20:58:03,retweet
1.1779862856901181e+18,nan,2021-03-04 20:58:03,reply
8.884996345151857e+17,nan,2021-03-04 20:57:38,retweet
8.884996345151857e+17,nan,2021-03-04 20:57:38,reply
3528841587.0,nan,2021-03-04 20:57:10,retweet
3528841587.0,nan,2021-03-04 20:57:10,reply
4768873521.0,nan,2021-03-04 20:56:38,retweet
4768873521.0,nan,2021-03-04 20:56:38,reply
1.201990750571049e+18,nan,2021-03-04 20:56:24,retweet
1.201990750571049e+18,nan,2021-03-04 20:56:24,reply
9.679612794649846e+17,nan,2021-03-04 20:55:56,retweet
9.679612794649846e+17,nan,2021-03-04 20:55:56,reply
50467662.0,nan,2021-03-04 20:55:54,retweet
50467662.0,nan,2021-03-04 20:55:54,reply
31463448.0,14994303,2021-03-04 20:55:54,mention
31463448.0,nan,2021-03-04 20:55:54,retweet
31463448.0,nan,2021-03-04 20:55:54,reply
75065481.0,nan,2021-03-04 20:54:46,retweet
75065481.0,nan,2021-03-04 20:54:46,reply
nan,14994303,2021-03-04 20:54:23,mention
nan,nan,2021-03-04 20:54:23,retweet
nan,nan,2021-03-04 20:54:23,reply
1.0983426330873528e+18,nan,2021-03-04 20:53:38,retweet
1.0983426330873528e+18,nan,2021-03-04 20:53:38,reply
1.3614965416184054e+18,nan,2021-03-04 20:53:20,retweet
1.3614965416184054e+18,nan,2021-03-04 20:53:20,reply
2896640625.0,nan,2021-03-04 20:53:19,retweet
2896640625.0,nan,2021-03-04 20:53:19,reply
1.362819173374718e+18,nan,2021-03-04 20:52:42,retweet
1.362819173374718e+18,nan,2021-03-04 20:52:42,reply
308789226.0,nan,2021-03-04 20:52:35,retweet
308789226.0,nan,2021-03-04 20:52:35,reply
14594895.0,nan,2021-03-04 20:52:00,retweet
14594895.0,nan,2021-03-04 20:52:00,reply
2303476069.0,nan,2021-03-04 20:51:54,retweet
2303476069.0,nan,2021-03-04 20:51:54,reply
1.35669132324028e+18,nan,2021-03-04 20:51:34,retweet
1.35669132324028e+18,nan,2021-03-04 20:51:34,reply
1.1873672488198676e+18,nan,2021-03-04 20:49:29,retweet
1.1873672488198676e+18,nan,2021-03-04 20:49:29,reply
1.3068210043716772e+18,nan,2021-03-04 20:48:44,retweet
1.3068210043716772e+18,nan,2021-03-04 20:48:44,reply
nan,nan,2021-03-04 20:48:40,retweet
nan,nan,2021-03-04 20:48:40,reply
1.1969626191875154e+18,nan,2021-03-04 20:48:13,retweet
1.1969626191875154e+18,nan,2021-03-04 20:48:13,reply
3306056087.0,nan,2021-03-04 20:48:02,retweet
3306056087.0,nan,2021-03-04 20:48:02,reply
1.3553767291797463e+18,nan,2021-03-04 20:47:46,retweet
1.3553767291797463e+18,nan,2021-03-04 20:47:46,reply
1.351188841558913e+18,nan,2021-03-04 20:47:37,retweet
1.351188841558913e+18,nan,2021-03-04 20:47:37,reply
1.351188841558913e+18,nan,2021-03-04 20:47:37,retweet
1.351188841558913e+18,nan,2021-03-04 20:47:37,reply
3073189731.0,nan,2021-03-04 20:47:23,retweet
3073189731.0,nan,2021-03-04 20:47:23,reply
3073189731.0,nan,2021-03-04 20:47:23,retweet
3073189731.0,nan,2021-03-04 20:47:23,reply
1.276851277042004e+18,nan,2021-03-04 20:46:39,retweet
1.276851277042004e+18,nan,2021-03-04 20:46:39,reply
790385761.0,nan,2021-03-04 20:46:29,retweet
790385761.0,nan,2021-03-04 20:46:29,reply
877710787.0,nan,2021-03-04 20:46:24,retweet
877710787.0,nan,2021-03-04 20:46:24,reply
1.3552028515559875e+18,nan,2021-03-04 20:46:04,retweet
1.3552028515559875e+18,nan,2021-03-04 20:46:04,reply
1.2327871210202644e+18,nan,2021-03-04 20:45:57,retweet
1.2327871210202644e+18,nan,2021-03-04 20:45:57,reply
3384712943.0,nan,2021-03-04 20:45:54,retweet
3384712943.0,nan,2021-03-04 20:45:54,reply
1.1792546607225446e+18,nan,2021-03-04 20:45:34,retweet
1.1792546607225446e+18,nan,2021-03-04 20:45:34,reply
6.975902284171796e+17,nan,2021-03-04 20:45:11,retweet
6.975902284171796e+17,nan,2021-03-04 20:45:11,reply
1.0824397370241761e+18,nan,2021-03-04 20:44:56,retweet
1.0824397370241761e+18,nan,2021-03-04 20:44:56,reply
1.2055213468280873e+18,nan,2021-03-04 20:44:42,retweet
1.2055213468280873e+18,nan,2021-03-04 20:44:42,reply
269488929.0,14994303,2021-03-04 20:44:21,mention
269488929.0,nan,2021-03-04 20:44:21,retweet
269488929.0,nan,2021-03-04 20:44:21,reply
2333925124.0,nan,2021-03-04 20:43:56,retweet
2333925124.0,nan,2021-03-04 20:43:56,reply
1.1483622158394532e+18,14994303,2021-03-04 20:43:56,mention
1.1483622158394532e+18,nan,2021-03-04 20:43:56,retweet
1.1483622158394532e+18,nan,2021-03-04 20:43:56,reply
87075992.0,nan,2021-03-04 20:43:52,retweet
87075992.0,nan,2021-03-04 20:43:52,reply
7.544550602313564e+17,nan,2021-03-04 20:43:36,retweet
7.544550602313564e+17,nan,2021-03-04 20:43:36,reply
8.889027967534244e+17,nan,2021-03-04 20:43:28,retweet
8.889027967534244e+17,nan,2021-03-04 20:43:28,reply
2333925124.0,nan,2021-03-04 20:42:56,retweet
2333925124.0,nan,2021-03-04 20:42:56,reply
269488929.0,nan,2021-03-04 20:42:51,retweet
269488929.0,nan,2021-03-04 20:42:51,reply
1.3557014680205517e+18,nan,2021-03-04 20:42:42,retweet
1.3557014680205517e+18,nan,2021-03-04 20:42:42,reply
1.331236403691344e+18,nan,2021-03-04 20:42:40,retweet
1.331236403691344e+18,nan,2021-03-04 20:42:40,reply
9.429133143713178e+17,nan,2021-03-04 20:42:16,retweet
9.429133143713178e+17,nan,2021-03-04 20:42:16,reply
384002540.0,nan,2021-03-04 20:42:05,retweet
384002540.0,nan,2021-03-04 20:42:05,reply
710782776.0,nan,2021-03-04 20:41:55,retweet
710782776.0,nan,2021-03-04 20:41:55,reply
nan,nan,2021-03-04 20:41:32,retweet
nan,nan,2021-03-04 20:41:32,reply
67660319.0,nan,2021-03-04 20:41:00,retweet
67660319.0,nan,2021-03-04 20:41:00,reply
2893895867.0,nan,2021-03-04 20:40:23,retweet
2893895867.0,nan,2021-03-04 20:40:23,reply
1.0430994075232174e+18,nan,2021-03-04 20:39:32,retweet
1.0430994075232174e+18,nan,2021-03-04 20:39:32,reply
199152464.0,nan,2021-03-04 20:29:44,retweet
199152464.0,nan,2021-03-04 20:29:44,reply
199152464.0,nan,2021-03-04 20:39:31,retweet
199152464.0,nan,2021-03-04 20:39:31,reply
75644407.0,nan,2021-03-04 20:39:16,retweet
75644407.0,nan,2021-03-04 20:39:16,reply
69912149.0,nan,2021-03-04 20:39:12,retweet
69912149.0,nan,2021-03-04 20:39:12,reply
1.154990533187707e+18,nan,2021-03-04 20:38:19,retweet
1.154990533187707e+18,nan,2021-03-04 20:38:19,reply
nan,nan,2021-03-04 20:38:14,retweet
nan,nan,2021-03-04 20:38:14,reply
1.3598481059198648e+18,nan,2021-03-04 20:37:41,retweet
1.3598481059198648e+18,nan,2021-03-04 20:37:41,reply
1.154990533187707e+18,nan,2021-03-04 20:37:38,retweet
1.154990533187707e+18,nan,2021-03-04 20:37:38,reply
1.359185302586327e+18,nan,2021-03-04 20:37:37,retweet
1.359185302586327e+18,nan,2021-03-04 20:37:37,reply
1452874741.0,nan,2021-03-04 20:37:35,retweet
1452874741.0,nan,2021-03-04 20:37:35,reply
579326265.0,nan,2021-03-04 20:36:32,retweet
579326265.0,nan,2021-03-04 20:36:32,reply
56219018.0,nan,2021-03-04 20:36:31,retweet
56219018.0,nan,2021-03-04 20:36:31,reply
7.203589208255283e+17,nan,2021-03-04 20:36:30,retweet
7.203589208255283e+17,nan,2021-03-04 20:36:30,reply
7.78689340662698e+17,nan,2021-03-04 20:36:06,retweet
7.78689340662698e+17,nan,2021-03-04 20:36:06,reply
7.608800643933102e+17,nan,2021-03-04 20:35:57,retweet
7.608800643933102e+17,nan,2021-03-04 20:35:57,reply
1.0360986468849295e+18,nan,2021-03-04 20:35:47,retweet
1.0360986468849295e+18,nan,2021-03-04 20:35:47,reply
1.2490721191719977e+18,nan,2021-03-04 20:35:04,retweet
1.2490721191719977e+18,nan,2021-03-04 20:35:04,reply
359786977.0,nan,2021-03-04 20:35:03,retweet
359786977.0,nan,2021-03-04 20:35:03,reply
363388015.0,nan,2021-03-04 20:34:51,retweet
363388015.0,nan,2021-03-04 20:34:51,reply
170484391.0,nan,2021-03-04 20:34:42,retweet
170484391.0,nan,2021-03-04 20:34:42,reply
1.0360986468849295e+18,nan,2021-03-04 20:34:42,retweet
1.0360986468849295e+18,nan,2021-03-04 20:34:42,reply
9.494579061556388e+17,nan,2021-03-04 20:34:36,retweet
9.494579061556388e+17,nan,2021-03-04 20:34:36,reply
47966994.0,nan,2021-03-04 20:34:19,retweet
47966994.0,nan,2021-03-04 20:34:19,reply
1.2291539614558904e+18,nan,2021-03-04 20:33:41,retweet
1.2291539614558904e+18,nan,2021-03-04 20:33:41,reply
439675045.0,nan,2021-03-04 20:33:36,retweet
439675045.0,nan,2021-03-04 20:33:36,reply
1392640590.0,nan,2021-03-04 20:33:33,retweet
1392640590.0,nan,2021-03-04 20:33:33,reply
2640823457.0,nan,2021-03-04 20:33:14,retweet
2640823457.0,nan,2021-03-04 20:33:14,reply
7.015691010477138e+17,nan,2021-03-04 20:32:03,retweet
7.015691010477138e+17,nan,2021-03-04 20:32:03,reply
1.2805369640018698e+18,nan,2021-03-04 20:31:43,retweet
1.2805369640018698e+18,nan,2021-03-04 20:31:43,reply
1895204911.0,nan,2021-03-04 20:31:23,retweet
1895204911.0,nan,2021-03-04 20:31:23,reply
1.3276490815907676e+18,nan,2021-03-04 20:30:51,retweet
1.3276490815907676e+18,nan,2021-03-04 20:30:51,reply
9.73614330662015e+17,nan,2021-03-04 20:30:38,retweet
9.73614330662015e+17,nan,2021-03-04 20:30:38,reply
2201038805.0,nan,2021-03-04 20:30:34,retweet
2201038805.0,nan,2021-03-04 20:30:34,reply
16193477.0,nan,2021-03-04 20:29:43,retweet
16193477.0,nan,2021-03-04 20:29:43,reply
136802851.0,nan,2021-03-04 17:34:21,retweet
136802851.0,nan,2021-03-04 17:34:21,reply
136802851.0,nan,2021-03-04 20:29:16,retweet
136802851.0,nan,2021-03-04 20:29:16,reply
3321043852.0,nan,2021-03-04 20:29:15,retweet
3321043852.0,nan,2021-03-04 20:29:15,reply
1.3082287940173414e+18,nan,2021-03-04 20:29:08,retweet
1.3082287940173414e+18,nan,2021-03-04 20:29:08,reply
1.3128607166433485e+18,nan,2021-03-04 20:28:58,retweet
1.3128607166433485e+18,nan,2021-03-04 20:28:58,reply
7.062429129595044e+17,nan,2021-03-04 20:28:20,retweet
7.062429129595044e+17,nan,2021-03-04 20:28:20,reply
1520861185.0,nan,2021-03-04 20:27:48,retweet
1520861185.0,nan,2021-03-04 20:27:48,reply
2404804658.0,nan,2021-03-04 20:27:45,retweet
2404804658.0,nan,2021-03-04 20:27:45,reply
9.040952616890737e+17,nan,2021-03-04 20:27:24,retweet
9.040952616890737e+17,nan,2021-03-04 20:27:24,reply
36993218.0,nan,2021-03-04 20:26:58,retweet
36993218.0,nan,2021-03-04 20:26:58,reply
7.086885651574129e+17,nan,2021-03-04 20:25:53,retweet
7.086885651574129e+17,nan,2021-03-04 20:25:53,reply
1.3041457120667238e+18,nan,2021-03-04 20:25:49,retweet
1.3041457120667238e+18,nan,2021-03-04 20:25:49,reply
137840878.0,nan,2021-03-04 20:25:42,retweet
137840878.0,nan,2021-03-04 20:25:42,reply
64334764.0,nan,2021-03-04 20:24:25,retweet
64334764.0,nan,2021-03-04 20:24:25,reply
1.3342850608083067e+18,nan,2021-03-04 20:24:15,retweet
1.3342850608083067e+18,nan,2021-03-04 20:24:15,reply
1.1864225573035459e+18,nan,2021-03-04 20:24:06,retweet
1.1864225573035459e+18,nan,2021-03-04 20:24:06,reply
1.2327871210202644e+18,nan,2021-03-04 20:23:27,retweet
1.2327871210202644e+18,nan,2021-03-04 20:23:27,reply
1.3042065846802514e+18,nan,2021-03-04 20:22:09,retweet
1.3042065846802514e+18,nan,2021-03-04 20:22:09,reply
3296043588.0,nan,2021-03-04 20:21:56,retweet
3296043588.0,nan,2021-03-04 20:21:56,reply
296797908.0,nan,2021-03-04 20:21:39,retweet
296797908.0,nan,2021-03-04 20:21:39,reply
56762358.0,nan,2021-03-04 20:21:07,retweet
56762358.0,nan,2021-03-04 20:21:07,reply
nan,nan,2021-03-04 20:21:04,retweet
nan,nan,2021-03-04 20:21:04,reply
75453572.0,nan,2021-03-04 20:20:45,retweet
75453572.0,nan,2021-03-04 20:20:45,reply
3838482928.0,nan,2021-03-04 20:20:24,retweet
3838482928.0,nan,2021-03-04 20:20:24,reply
296797908.0,nan,2021-03-04 20:19:38,retweet
296797908.0,nan,2021-03-04 20:19:38,reply
199152464.0,nan,2021-03-04 20:18:22,retweet
199152464.0,nan,2021-03-04 20:18:22,reply
4846851334.0,nan,2021-03-04 20:18:18,retweet
4846851334.0,nan,2021-03-04 20:18:18,reply
1.0918015435427553e+18,nan,2021-03-04 20:17:31,retweet
1.0918015435427553e+18,nan,2021-03-04 20:17:31,reply
1.1872151150509875e+18,nan,2021-03-04 20:17:21,retweet
1.1872151150509875e+18,nan,2021-03-04 20:17:21,reply
1.3588127494852567e+18,1681142560469798912,2021-03-04 20:17:16,mention
1.3588127494852567e+18,nan,2021-03-04 20:17:16,retweet
1.3588127494852567e+18,nan,2021-03-04 20:17:16,reply
1.21855847236053e+18,nan,2021-03-04 20:16:13,retweet
1.21855847236053e+18,nan,2021-03-04 20:16:13,reply
1.21855847236053e+18,nan,2021-03-04 20:16:13,retweet
1.21855847236053e+18,nan,2021-03-04 20:16:13,reply
1.190258205252825e+18,nan,2021-03-04 16:49:05,retweet
1.190258205252825e+18,nan,2021-03-04 16:49:05,reply
2466270178.0,1346977692919492609,2021-03-04 20:14:12,mention
2466270178.0,nan,2021-03-04 20:14:12,retweet
2466270178.0,1.3675663797261025e+18,2021-03-04 20:14:12,reply
2911069798.0,nan,2021-03-04 20:13:33,retweet
2911069798.0,nan,2021-03-04 20:13:33,reply
251722432.0,nan,2021-03-04 20:12:33,retweet
251722432.0,nan,2021-03-04 20:12:33,reply
4049566163.0,nan,2021-03-04 20:12:14,retweet
4049566163.0,nan,2021-03-04 20:12:14,reply
1.0434600789831639e+18,nan,2021-03-04 20:12:14,retweet
1.0434600789831639e+18,nan,2021-03-04 20:12:14,reply
1.0434600789831639e+18,nan,2021-03-04 20:12:14,retweet
1.0434600789831639e+18,nan,2021-03-04 20:12:14,reply
362691799.0,nan,2021-03-04 20:11:43,retweet
362691799.0,nan,2021-03-04 20:11:43,reply
1.2247878058948485e+18,nan,2021-03-04 20:10:38,retweet
1.2247878058948485e+18,nan,2021-03-04 20:10:38,reply
511577335.0,nan,2021-03-04 19:05:37,retweet
511577335.0,nan,2021-03-04 19:05:37,reply
511577335.0,nan,2021-03-04 20:10:34,retweet
511577335.0,nan,2021-03-04 20:10:34,reply
8.2589646759646e+17,nan,2021-03-04 20:10:06,retweet
8.2589646759646e+17,nan,2021-03-04 20:10:06,reply
1473362322.0,nan,2021-03-04 20:09:30,retweet
1473362322.0,nan,2021-03-04 20:09:30,reply
1.2466024516350525e+18,nan,2021-03-04 20:09:09,retweet
1.2466024516350525e+18,nan,2021-03-04 20:09:09,reply
1.3588127494852567e+18,nan,2021-03-04 20:09:04,retweet
1.3588127494852567e+18,nan,2021-03-04 20:09:04,reply
1.3559737624585462e+18,nan,2021-03-04 20:08:17,retweet
1.3559737624585462e+18,nan,2021-03-04 20:08:17,reply
103637556.0,nan,2021-03-04 20:07:28,retweet
103637556.0,nan,2021-03-04 20:07:28,reply
3174261135.0,nan,2021-03-04 20:07:11,retweet
3174261135.0,nan,2021-03-04 20:07:11,reply
359169031.0,nan,2021-03-04 20:07:05,retweet
359169031.0,nan,2021-03-04 20:07:05,reply
7.007487710643487e+17,nan,2021-03-04 20:06:45,retweet
7.007487710643487e+17,nan,2021-03-04 20:06:45,reply
1232678984.0,nan,2021-03-04 20:05:56,retweet
1232678984.0,nan,2021-03-04 20:05:56,reply
275765681.0,nan,2021-03-04 20:05:23,retweet
275765681.0,nan,2021-03-04 20:05:23,reply
1.3041457120667238e+18,nan,2021-03-04 20:05:00,retweet
1.3041457120667238e+18,nan,2021-03-04 20:05:00,reply
1.3001658337889935e+18,nan,2021-03-04 20:04:58,retweet
1.3001658337889935e+18,nan,2021-03-04 20:04:58,reply
3296043588.0,nan,2021-03-04 20:04:23,retweet
3296043588.0,nan,2021-03-04 20:04:23,reply
9.193423578536796e+17,nan,2021-03-04 20:03:18,retweet
9.193423578536796e+17,nan,2021-03-04 20:03:18,reply
1.3451609671398318e+18,nan,2021-03-04 20:02:36,retweet
1.3451609671398318e+18,nan,2021-03-04 20:02:36,reply
1.3002399419522499e+18,nan,2021-03-04 20:02:19,retweet
1.3002399419522499e+18,nan,2021-03-04 20:02:19,reply
111375962.0,nan,2021-03-04 20:02:08,retweet
111375962.0,nan,2021-03-04 20:02:08,reply
1.1954707220150927e+18,nan,2021-03-04 19:59:20,retweet
1.1954707220150927e+18,nan,2021-03-04 19:59:20,reply
359786977.0,14994303,2021-03-04 19:58:52,mention
359786977.0,nan,2021-03-04 19:58:52,retweet
359786977.0,nan,2021-03-04 19:58:52,reply
7.518915743096545e+17,nan,2021-03-04 19:58:20,retweet
7.518915743096545e+17,nan,2021-03-04 19:58:20,reply
9.280335339348296e+17,nan,2021-03-04 19:57:36,retweet
9.280335339348296e+17,nan,2021-03-04 19:57:36,reply
61316148.0,nan,2021-03-04 19:57:15,retweet
61316148.0,nan,2021-03-04 19:57:15,reply
1.1915251826425733e+18,511577335,2021-03-04 19:57:09,mention
1.1915251826425733e+18,nan,2021-03-04 19:57:09,retweet
1.1915251826425733e+18,1.3675518246187418e+18,2021-03-04 19:57:09,reply
1.350774841583014e+18,nan,2021-03-04 19:56:57,retweet
1.350774841583014e+18,nan,2021-03-04 19:56:57,reply
8.336825160285594e+17,14994303,2021-03-04 19:56:57,mention
8.336825160285594e+17,nan,2021-03-04 19:56:57,retweet
8.336825160285594e+17,nan,2021-03-04 19:56:57,reply
83764064.0,nan,2021-03-04 19:56:37,retweet
83764064.0,nan,2021-03-04 19:56:37,reply
83764064.0,nan,2021-03-04 19:56:37,retweet
83764064.0,nan,2021-03-04 19:56:37,reply
3000357921.0,nan,2021-03-04 19:56:33,retweet
3000357921.0,nan,2021-03-04 19:56:33,reply
154380325.0,nan,2021-03-04 19:56:09,retweet
154380325.0,nan,2021-03-04 19:56:09,reply
1.346169678704554e+18,179185127,2021-03-04 19:56:06,mention
1.346169678704554e+18,nan,2021-03-04 19:56:06,retweet
1.346169678704554e+18,nan,2021-03-04 19:56:06,reply
1.2232734846604861e+18,nan,2021-03-04 19:55:50,retweet
1.2232734846604861e+18,nan,2021-03-04 19:55:50,reply
1.3549896467328e+18,76680657,2021-03-04 19:55:35,mention
1.3549896467328e+18,nan,2021-03-04 19:55:35,retweet
1.3549896467328e+18,1.3675222055973888e+18,2021-03-04 19:55:35,reply
9.00334394484904e+17,nan,2021-03-04 19:54:09,retweet
9.00334394484904e+17,nan,2021-03-04 19:54:09,reply
2847241090.0,nan,2021-03-04 19:50:06,retweet
2847241090.0,nan,2021-03-04 19:50:06,reply
2847241090.0,nan,2021-03-04 19:53:40,retweet
2847241090.0,nan,2021-03-04 19:53:40,reply
8.336825160285594e+17,nan,2021-03-04 19:53:32,retweet
8.336825160285594e+17,nan,2021-03-04 19:53:32,reply
9.460411844845814e+17,nan,2021-03-04 19:52:45,retweet
9.460411844845814e+17,nan,2021-03-04 19:52:45,reply
1.360186658667303e+18,nan,2021-03-04 19:52:12,retweet
1.360186658667303e+18,nan,2021-03-04 19:52:12,reply
597883246.0,nan,2021-03-04 18:20:55,retweet
597883246.0,nan,2021-03-04 18:20:55,reply
597883246.0,nan,2021-03-04 19:52:06,retweet
597883246.0,nan,2021-03-04 19:52:06,reply
1.3118884349702185e+18,nan,2021-03-04 19:51:49,retweet
1.3118884349702185e+18,1.367471457299759e+18,2021-03-04 19:51:49,reply
1.3118884349702185e+18,nan,2021-03-04 19:51:49,retweet
1.3118884349702185e+18,nan,2021-03-04 19:51:49,reply
8.73311855653118e+17,nan,2021-03-04 19:51:24,retweet
8.73311855653118e+17,nan,2021-03-04 19:51:24,reply
1.2141762839422403e+18,nan,2021-03-04 19:51:00,retweet
1.2141762839422403e+18,nan,2021-03-04 19:51:00,reply
63876046.0,nan,2021-03-04 19:50:35,retweet
63876046.0,nan,2021-03-04 19:50:35,reply
17218183.0,nan,2021-03-04 19:49:54,retweet
17218183.0,nan,2021-03-04 19:49:54,reply
635694885.0,nan,2021-03-04 19:48:25,retweet
635694885.0,nan,2021-03-04 19:48:25,reply
1579037420.0,nan,2021-03-04 19:48:20,retweet
1579037420.0,nan,2021-03-04 19:48:20,reply
3090780175.0,nan,2021-03-04 19:47:40,retweet
3090780175.0,nan,2021-03-04 19:47:40,reply
7.151383001728737e+17,nan,2021-03-04 19:47:20,retweet
7.151383001728737e+17,nan,2021-03-04 19:47:20,reply
1.1018298376254423e+18,nan,2021-03-04 19:45:53,retweet
1.1018298376254423e+18,nan,2021-03-04 19:45:53,reply
242384665.0,nan,2021-03-04 19:44:34,retweet
242384665.0,nan,2021-03-04 19:44:34,reply
123456789.0,nan,2021-02-03 15:30:00,retweet
123456789.0,nan,2021-02-03 15:30:00,reply
123456789.0,nan,2021-02-03 15:30:00,retweet
123456789.0,nan,2021-02-03 15:30:00,reply
